Timestamp,Με τι είδος development ασχολείσαι επαγγελματικά αυτή την περίοδο;,Με ποιες γλώσσες προγραμματισμού δουλεύεις επαγγελματικά αυτή την περίοδο;,Πόσα χρόνια δουλεύεις επαγγελματικά ως προγραμματιστής;,Έχεις προσωπικά projects ή κάνεις freelancing πέρα από την κύρια εργασία σου;,Φύλλο;,Ποιος είναι ο τρόπος εργασίας;,Σε ποια πόλη μένεις;,Σε ποια πόλη δουλεύεις;,Τι μέγεθος είναι η εταιρεία που δουλεύεις;,Έχεις άτομα υπό την επίβλεψη σου;,Ποιό είναι το επίπεδο σπουδών σου;,Το πτυχίο σου είναι σχετικό με τον τομέα της πληροφορική;,Ποιος είναι ο ΕΤΗΣΙΟΣ ΚΑΘΑΡΟΣ μισθός σου σε €;
5/3/2022 21:29:10,"Backend, Frontend","JavaScript, PHP",13,Ναι,Άντρας,Και τα δύο,Αθήνα,Αθήνα,501+,Όχι,Bachelor's,Ναι,39361
5/3/2022 22:12:18,"Backend, Frontend",JavaScript,7,Ναι,Άντρας,Απομακρυσμένα,Αθήνα,Αθήνα,201 - 500,Όχι,Bachelor's,Ναι,30142
5/4/2022 12:09:39,"Backend, Frontend, BI","Python, JavaScript, PHP",1,Όχι,Άντρας,Απομακρυσμένα,Κέρκυρα,Κέρκυρα,1 - 10,Όχι,Bachelor's,Ναι,8450
5/4/2022 12:10:18,Backend,"C#, JavaScript",2,Όχι,Άντρας,Απομακρυσμένα,Edinburgh,Edinburgh,501+,Όχι,Master,Ναι,30551
5/4/2022 12:12:59,Mobile apps,Kotlin,3,Ναι,Άντρας,Απομακρυσμένα,Αθήνα,Αθήνα,51 - 100,Ναι,Bachelor's,Ναι,20351
5/4/2022 12:15:04,"Backend, Frontend","JavaScript, PHP",1,Ναι,Άντρας,Απομακρυσμένα,Θεσσαλονίκη,Αθήνα,1 - 10,Όχι,Bachelor's,Ναι,12600
5/4/2022 12:21:38,Backend,C#,4,Ναι,Άντρας,Απομακρυσμένα,Αθήνα,Αθήνα,11 - 50,Όχι,Bachelor's,Ναι,18242
5/4/2022 12:23:07,Frontend,JavaScript,4,Ναι,Άντρας,Και τα δύο,Αθήνα,Αθήνα,101 - 200,Όχι,Bachelor's,Ναι,23363
5/4/2022 12:24:53,"Backend, Frontend","JavaScript, PHP",1,Όχι,Άντρας,Απομακρυσμένα,Αθήνα,Αθήνα,501+,Όχι,Λύκειο,,9600
5/4/2022 12:30:28,"Backend, Frontend","Java, JavaScript",3,Όχι,Άντρας,Απομακρυσμένα,Θεσσαλονίκη,Θεσσαλονίκη,1 - 10,Όχι,Master,Ναι,10944
5/4/2022 12:40:34,Gaming,C#,6,Όχι,Άντρας,Απομακρυσμένα,Αθήνα,London,11 - 50,Όχι,Λύκειο,,47000
5/4/2022 12:41:20,Backend,PHP,6,Ναι,Άντρας,Απομακρυσμένα,Σέρρες,Σέρρες,11 - 50,Όχι,Master,Ναι,29078
5/4/2022 12:55:08,"Backend, Frontend",PHP,5,Ναι,Άντρας,Απομακρυσμένα,Αθήνα,Αθήνα,11 - 50,Όχι,Bachelor's,Ναι,22400
5/4/2022 12:59:51,"Backend, BI","C#, Python",1,Όχι,Άντρας,Απομακρυσμένα,Μαυρομμάτι,Λευκωσία,11 - 50,Ναι,Master,Ναι,8500
5/4/2022 13:00:08,Backend,C#,1,Όχι,Άντρας,Στον χώρο του εργοδότη,Αθήνα,Αθήνα,501+,Όχι,Bachelor's,Ναι,18000
5/4/2022 13:01:44,Mobile apps,Swift,6,Ναι,Άντρας,Απομακρυσμένα,Μύρινα,Warsaw,501+,Ναι,Bachelor's,"ΟΧΙ, σπούδασα Μηχανολόγος Μηχανικός",36000
5/4/2022 13:02:03,Frontend,"C, JavaScript",1,Ναι,Άντρας,Απομακρυσμένα,Θεσσαλονίκη,Amsterdam,101 - 200,Όχι,Bachelor's,Ναι,37800
5/4/2022 13:08:48,"Backend, Frontend","Python, JavaScript, PHP",3,Όχι,Άντρας,Απομακρυσμένα,Αθήνα,Αθήνα,201 - 500,Όχι,Master,Ναι,18000
5/4/2022 13:17:17,"Frontend, Cybersecurity","JavaScript, PHP, HTML/CSS",10,Ναι,Άντρας,Και τα δύο,Θεσσαλονίκη,Θεσσαλονίκη,11 - 50,Όχι,ΙΕΚ,Ναι,20000
5/4/2022 13:19:22,Backend,"Java, Python",1,Όχι,Άντρας,Και τα δύο,Berlin,Berlin,501+,Όχι,Bachelor's,Ναι,36000
5/4/2022 13:21:34,Backend,"C#, JavaScript",4,Όχι,Άντρας,Απομακρυσμένα,Πτολεμαιδα,London,51 - 100,Ναι,Bachelor's,Ναι,50000
5/4/2022 13:22:33,DevOps,"Python, Go, Bash",7,Όχι,Άντρας,Και τα δύο,Αθήνα,Αθήνα,201 - 500,Όχι,Bachelor's,Ναι,26000
5/4/2022 13:23:06,"Backend, Desktop apps",C#,5,Όχι,Άντρας,Απομακρυσμένα,Αθήνα,Αθήνα,501+,Όχι,Master,Ναι,30000
5/4/2022 13:23:57,Backend,Java,8,Όχι,Άντρας,Και τα δύο,Αθήνα,Αθήνα,201 - 500,Όχι,Master,Ναι,30000
5/4/2022 13:24:01,"Backend, Frontend, DevOps","C#, JavaScript",5,Ναι,Άντρας,Απομακρυσμένα,Αθήνα,Αθήνα,201 - 500,Όχι,Master,ΣΕΜΦΕ,36000
5/4/2022 13:27:49,Cloud,Go,16,Ναι,Άντρας,Απομακρυσμένα,Belfast ,Texas,501+,Ναι,ΙΕΚ,Ναι,78000
5/4/2022 13:29:29,"Backend, Frontend, Mobile apps, Desktop apps, AI / ML, Gaming","C#, Python, JavaScript",2,Ναι,Άντρας,Απομακρυσμένα,Serres,New York,11 - 50,Ναι,Λύκειο,,40000
5/4/2022 13:32:06,"Backend, Frontend","JavaScript, PHP",2,Ναι,Άντρας,Απομακρυσμένα,Θεσσαλονίκη,Θεσσαλονίκη,1 - 10,Όχι,Bachelor's,Ναι,11600
5/4/2022 13:32:42,"Backend, Frontend","JavaScript, PHP",1,Ναι,Άντρας,Απομακρυσμένα,Χαλκίδα,Αθήνα,1 - 10,Όχι,ΙΕΚ,Ναι,8400
5/4/2022 13:33:45,Backend,q/kdb,1,Ναι,Άντρας,Απομακρυσμένα,Αθήνα,Budapest ,501+,Όχι,Bachelor's,Ναι,13000
5/4/2022 13:33:50,"Backend, Frontend, Fullstack",Ruby,6,Ναι,Άντρας,Απομακρυσμένα,Αθήνα,Αθήνα,1 - 10,Όχι,Λύκειο,,19200
5/4/2022 13:35:42,Backend,Java,4,Όχι,Άντρας,Απομακρυσμένα,Αθήνα,Αθήνα,201 - 500,Όχι,Bachelor's,Ναι,38000
5/4/2022 13:35:47,"Backend, Mobile apps","Java, C, C#",2,Όχι,Άντρας,Και τα δύο,Αθήνα,Αθήνα,501+,Όχι,Master,Ναι,16800
5/4/2022 13:36:17,"Backend, Frontend","C#, JavaScript",2,Ναι,Άντρας,Απομακρυσμένα,Χανιά,Εξωτερικό,11 - 50,Όχι,Master,Έμμεσα,27000
5/4/2022 13:38:25,Mobile apps,Kotlin,1,Όχι,Άντρας,Απομακρυσμένα,Αθήνα,Αθήνα,51 - 100,Όχι,Bachelor's,Ναι,15200
5/4/2022 13:39:32,Cloud Developer,"JavaScript, React",1,Όχι,Άντρας,Απομακρυσμένα,Χανιά,Ηράκλειο,501+,Όχι,Bachelor's,Ναι,10.36
5/4/2022 13:40:23,"Backend, Frontend","C#, JavaScript",3,Ναι,Άντρας,Και τα δύο,Θεσσαλονίκη,Θεσσαλονίκη,11 - 50,Όχι,Λύκειο,,19600
5/4/2022 13:42:02,"Backend, Desktop apps, GIS","Python, JavaScript",2,Όχι,Άντρας,Στον χώρο του εργοδότη,Αθήνα,Αθήνα,11 - 50,Όχι,Master,Ναι,18100
5/4/2022 13:48:35,"Backend, DevOps","Python, JavaScript, Bash, TypeScript",2,Ναι,Άντρας,Απομακρυσμένα,Θεσσαλονίκη,London,1 - 10,Ναι,Λύκειο,,40000
5/4/2022 13:50:35,Cloud Engineering,"Bash, Terraform",12,Όχι,Άντρας,Απομακρυσμένα,Toronto,San Fransisco,501+,Όχι,Bachelor's,Ναι,259740
5/4/2022 13:51:12,Frontend,JavaScript,1,Ναι,Άντρας,Στον χώρο του εργοδότη,Θεσσαλονίκη,Θεσσαλονίκη,51 - 100,Ναι,Bachelor's,Ναι,8000
5/4/2022 13:52:06,Mobile apps,"Java, Kotlin",8,Ναι,Άντρας,Και τα δύο,Αθήνα,Αθήνα,501+,Όχι,Bachelor's,Ναι,25000
5/4/2022 13:52:39,"Backend, Frontend","Python, JavaScript",3,Ναι,Άντρας,Και τα δύο,Θεσσαλονίκη,Θεσσαλονίκη,51 - 100,Ναι,Bachelor's,Ναι,16000
5/4/2022 13:58:23,"Backend, Frontend",PHP,1,Ναι,Άντρας,Απομακρυσμένα,Αθήνα,Αθήνα,101 - 200,Όχι,Λύκειο,,15000
5/4/2022 14:00:17,Backend,Java,2,Όχι,Άντρας,Και τα δύο,Αθήνα,Αθήνα,501+,Όχι,Bachelor's,Ναι,13300
5/4/2022 14:01:06,"Backend, Frontend, Mobile apps","Java, Python, JavaScript, PHP",3,Ναι,Άντρας,Απομακρυσμένα,Κομοτηνή,Κομοτηνή,11 - 50,Όχι,Λύκειο,,1787
5/4/2022 14:01:35,"Backend, Frontend","JavaScript, PHP",4,Ναι,Άντρας,Απομακρυσμένα,Θεσσαλονίκη,Αθήνα,501+,Όχι,ΙΕΚ,Ναι,25000
5/4/2022 14:02:03,Frontend,"Java, JavaScript, Ruby, CoffeScript, Backbone",2,Ναι,Άντρας,Απομακρυσμένα,Αθήνα,Philliphines,501+,Όχι,ΙΕΚ,"Σπουδάζω Μηχανικος Βιομηχανικης Σχεδιασης και Παραγωγης, ειναι σχολη εφαρμοργων αρα εν μερη σχετιζεται.",33600
5/4/2022 14:03:29,"Backend, Frontend, Mobile apps",JavaScript,6,Ναι,Άντρας,Και τα δύο,Αθήνα,Αθήνα,11 - 50,Ναι,Master,Ναι,26600
5/4/2022 14:06:11,Mobile apps,"Java, Swift, Kotlin",12,Ναι,Άντρας,Απομακρυσμένα,Θεσσαλονίκη,Θεσσαλονίκη,501+,Ναι,Master,Ναι,55000
5/4/2022 14:07:30,Backend,Java,2,Όχι,Άντρας,Και τα δύο,Αθήνα,Αθήνα,501+,Όχι,Master,Ναι,13300
5/4/2022 14:08:27,"Backend, Frontend","JavaScript, PHP, Go",1,Όχι,Άντρας,Απομακρυσμένα,Θεσσαλονίκη,Αθήνα,1 - 10,Όχι,Bachelor's,Ναι,15000
5/4/2022 14:09:01,Mobile apps,"Swift, Kotlin",6,Ναι,Άντρας,Απομακρυσμένα,Αθήνα,London,1 - 10,Ναι,Bachelor's,Ναι,30000
5/4/2022 14:09:22,Mobile apps,"Java, Kotlin, XML",4,Ναι,Άντρας,Απομακρυσμένα,Αθήνα,Αθήνα,51 - 100,Όχι,Bachelor's,Ναι,20300
5/4/2022 14:12:59,database,sql,1,Ναι,Άντρας,Στον χώρο του εργοδότη,Αθήνα,Αθήνα,201 - 500,Όχι,Bachelor's,Ναι,15400
5/4/2022 14:14:32,"Backend, Frontend, DevOps","Python, PHP",1,Όχι,Άντρας,Και τα δύο,Θεσσαλονίκη,Θεσσαλονίκη,11 - 50,Όχι,Χωρίς Δευτεροβάθμια Εκπαίδευση,,7800
5/4/2022 14:16:06,Backend,PHP,4,Ναι,Άντρας,Απομακρυσμένα,Θεσσαλονίκη,Θεσσαλονίκη,1 - 10,Όχι,Bachelor's,Ναι,1800
5/4/2022 14:20:03,Backend,C#,1,Όχι,Άντρας,Απομακρυσμένα,Ιωάννινα,Αθήνα,1 - 10,Όχι,Bachelor's,Ναι,750
5/4/2022 14:32:33,DevOps,"C++, Python, PHP",20,Ναι,Άντρας,Και τα δύο,Αθήνα,Αθήνα,1 - 10,Όχι,Bachelor's,Ναι,20000
5/4/2022 14:32:56,"Backend, Frontend","C#, JavaScript, PHP",7,Ναι,Άντρας,Και τα δύο,Αθήνα,Αθήνα,1 - 10,Όχι,ΙΕΚ,Ναι,14000
5/4/2022 14:38:38,Quality Assurance,"Java, Python",1,Όχι,Άντρας,Απομακρυσμένα,Βόλος,Θεσσαλονίκη,51 - 100,Όχι,Bachelor's,Ναι,14000
5/4/2022 14:42:40,Backend,PHP,10,Ναι,Άντρας,Και τα δύο,Αθήνα,,1 - 10,Όχι,ΙΕΚ,Ναι,26600
5/4/2022 14:49:04,Frontend,JavaScript,4,Ναι,Άντρας,Και τα δύο,Αθήνα,Αθήνα,51 - 100,Όχι,Bachelor's,Ναι,21000
5/4/2022 14:50:26,"Backend, Frontend","JavaScript, PHP",1,Ναι,Άντρας,Απομακρυσμένα,Ναύπλιο,Ναύπλιο,201 - 500,Όχι,Bachelor's,Ναι,15400
5/4/2022 14:50:50,"Backend, Frontend, DevOps, Desktop apps","Python, JavaScript",1,Όχι,Άντρας,Απομακρυσμένα,Βόλο,Θεσσαλονίκη,1 - 10,Όχι,Bachelor's,Ναι,8400
5/4/2022 14:51:22,Backend,Java,5,Ναι,Άντρας,Και τα δύο,Αθήνα,Αθήνα,501+,Όχι,Master,Ναι,21800
5/4/2022 14:51:29,Frontend,JavaScript,5,Ναι,Άντρας,Και τα δύο,Αθήνα,Αθήνα,501+,Ναι,Bachelor's,Ναι,18000
5/4/2022 14:51:48,"Backend, Frontend, Mobile apps","JavaScript, PHP",5,Ναι,Άντρας,Και τα δύο,Αθήνα,Αθήνα,11 - 50,Όχι,Bachelor's,Ναι,1000
5/4/2022 14:51:58,"Backend, Frontend",Java,1,Όχι,Άντρας,Απομακρυσμένα,Αθήνα,Αθήνα,501+,Όχι,Bachelor's,Ναι,12810
5/4/2022 14:52:35,"DevOps, Desktop apps",C#,6,Όχι,Άντρας,Στον χώρο του εργοδότη,Αθήνα,Αθήνα,51 - 100,Όχι,ΙΕΚ,Ηλεκτρονικός,19600
5/4/2022 14:58:51,Data engineer,"Python, scala",7,Όχι,Άντρας,Και τα δύο,Αθήνα,Αθήνα,501+,Όχι,Master,Ναι,23800
5/4/2022 15:01:37,"Backend, DevOps",JavaScript,1,Όχι,Άντρας,Απομακρυσμένα,Θεσσαλονίκη,Θεσσαλονίκη,11 - 50,Όχι,Bachelor's,Ναι,15568
5/4/2022 15:02:20,DevOps,"Go, Bash",1,Όχι,Άντρας,Απομακρυσμένα,Ιωάννινα,London,11 - 50,Όχι,Bachelor's,Ναι,14000
5/4/2022 15:03:19,Frontend,JavaScript,1,Ναι,Άντρας,Και τα δύο,Αθήνα,Αθήνα,101 - 200,Όχι,Λύκειο,,13720
5/4/2022 15:17:13,"Backend, Desktop apps",Java,6,Όχι,Άντρας,Και τα δύο,Bratislava,Bratislava,11 - 50,Όχι,Bachelor's,Ναι,19500
5/4/2022 15:23:26,Backend,C#,5,Όχι,Άντρας,Απομακρυσμένα,Θεσσαλονίκη,Αθήνα,51 - 100,Όχι,Bachelor's,Ναι,18200
5/4/2022 15:32:20,"Backend, Frontend","JavaScript, PHP",2,Ναι,Άντρας,Στον χώρο του εργοδότη,Βόλος,Βόλος,1 - 10,Όχι,Bachelor's,Ναι,14000
5/4/2022 15:32:43,Desktop apps,"C#, Python",15,Ναι,Άντρας,Και τα δύο,Αθήνα,Αθήνα,101 - 200,Ναι,Bachelor's,Ναι,1900
5/4/2022 15:38:19,"Backend, Frontend","JavaScript, PHP",12,Ναι,Άντρας,Στον χώρο του εργοδότη,Xanthi,Xanthi,1 - 10,Ναι,Bachelor's,Ναι,13000
5/4/2022 15:39:30,Frontend,"JavaScript, PHP",1,Όχι,Άντρας,Απομακρυσμένα,Τρίκαλα,Αθήνα,11 - 50,Όχι,Bachelor's,Διοίκηση Επιχειρήσεων,9400
5/4/2022 15:50:20,"Frontend, DevOps, Desktop apps",JavaScript,1,Όχι,Άντρας,Και τα δύο,Αθήνα,Αθήνα,1 - 10,Ναι,Bachelor's,Ναι,16000
5/4/2022 15:58:23,"Backend, Frontend","C#, JavaScript",1,Όχι,Άντρας,Στον χώρο του εργοδότη,Αθήνα,Αθήνα,51 - 100,Όχι,Bachelor's,Ναι,900
5/4/2022 16:07:28,Backend,Java,1,Ναι,Άντρας,Και τα δύο,Αθήνα,Αθήνα,101 - 200,Όχι,Master,Ναι,17800
5/4/2022 16:10:05,"Backend, DevOps","Python, JavaScript, PHP",10,Όχι,Άντρας,Απομακρυσμένα,Αθήνα,Αθήνα,1 - 10,Όχι,Bachelor's,Ναι,35000
5/4/2022 16:12:34,"Backend, Frontend",PHP,3,Ναι,Άντρας,Στον χώρο του εργοδότη,Αθήνα,,1 - 10,Όχι,Bachelor's,Ναι,16900
5/4/2022 16:17:40,"Backend, Desktop apps, BI","C#, JavaScript",22,Ναι,Άντρας,Στον χώρο του εργοδότη,Αθήνα,Αθήνα,501+,Ναι,Master,Ναι,26000
5/4/2022 16:18:58,"Backend, Frontend","JavaScript, PHP",2,Ναι,Άντρας,Και τα δύο,Αθήνα,Αθήνα,11 - 50,Όχι,ΙΕΚ,Ναι,17500
5/4/2022 16:19:52,Mobile apps,C#,2,Ναι,Άντρας,Και τα δύο,Αθήνα,Αθήνα,51 - 100,Όχι,Master,Ναι,755
5/4/2022 16:26:41,AI / ML,"Python, JavaScript",1,Όχι,Γυναίκα,Απομακρυσμένα,Θεσσαλονίκη,Αθήνα,1 - 10,Όχι,Bachelor's,Ναι,10800
5/4/2022 16:30:32,Backend,C#,2,Όχι,Γυναίκα,Και τα δύο,Αθήνα,Αθήνα,1 - 10,Όχι,Λύκειο,,14420
5/4/2022 16:37:46,Desktop apps,Python,40,Όχι,Γυναίκα,Και τα δύο,Amsterdam,Amsterdam,501+,Ναι,PhD,Ναι,10000
5/4/2022 16:53:21,"Backend, DevOps",Go,3,Ναι,Άντρας,Απομακρυσμένα,Αθήνα,SF,11 - 50,Όχι,Bachelor's,Ναι,14000
5/4/2022 16:55:53,"Backend, Frontend","Python, JavaScript, PHP",2,Ναι,Άντρας,Απομακρυσμένα,Κοζάνη,Θεσσαλονίκη,11 - 50,Όχι,PhD,Ναι,1000
5/4/2022 16:58:09,DevOps,"Python, Bash",6,Ναι,Άντρας,Απομακρυσμένα,Munich,Munich,501+,Όχι,Λύκειο,,46500
5/4/2022 17:01:31,"Frontend, Mobile apps",JavaScript,2,Ναι,Άντρας,Απομακρυσμένα,Αθήνα,Αθήνα,11 - 50,Ναι,ΙΕΚ,Ναι,14000
5/4/2022 17:01:40,"Backend, Frontend","Java, Python, JavaScript, PHP",6,Όχι,Άντρας,Στον χώρο του εργοδότη,Αθήνα,Αθήνα,201 - 500,Όχι,Bachelor's,Ναι,19000
5/4/2022 17:05:55,Linux application ,"C++, Python, Bash",6,Όχι,Άντρας,Και τα δύο,Αθήνα,Αθήνα,201 - 500,Όχι,Master,Ναι,20000
5/4/2022 17:12:06,"Backend, Frontend","JavaScript, PHP, HTML, CSS",3,Ναι,Άντρας,Απομακρυσμένα,Θεσσαλονίκη,Θεσσαλονίκη,1 - 10,Όχι,Bachelor's,Ναι,15400
5/4/2022 17:16:35,Backend,"JavaScript, TypeScript",2,Όχι,Άντρας,Απομακρυσμένα,Αθήνα,Αθήνα,101 - 200,Όχι,Master,Ναι,16100
5/4/2022 17:26:10,"Backend, DevOps","Java, Python, Bash",2,Ναι,Άντρας,Και τα δύο,Θεσσαλονίκη,Θεσσαλονίκη,11 - 50,Όχι,Λύκειο,,14000
5/4/2022 17:28:05,DevOps,"Java, C#, Python, JavaScript, PHP, Bash",1,Ναι,Άντρας,Απομακρυσμένα,Χανιά ,Amsterdam,11 - 50,Όχι,Master,Ναι,110000
5/4/2022 17:28:46,"Backend, Frontend","JavaScript, PHP",2,Όχι,Άντρας,Απομακρυσμένα,Θεσσαλονίκη,Θεσσαλονίκη,1 - 10,Ναι,Bachelor's,Ναι,15120
5/4/2022 17:44:22,"Backend, Frontend","JavaScript, typescript",6,Όχι,Άντρας,Απομακρυσμένα,Πάτρα,Αθήνα,201 - 500,Όχι,Master,Mathematics,40000
5/4/2022 18:04:01,AI / ML,"C++, Python",2,Όχι,Άντρας,Στον χώρο του εργοδότη,Θεσσαλονίκη,,201 - 500,Όχι,Master,Ναι,15600
5/4/2022 18:05:07,"Backend, Frontend","JavaScript, PHP",1,Ναι,Άντρας,Στον χώρο του εργοδότη,Αθήνα,Αθήνα,11 - 50,Όχι,Bachelor's,Ναι,16.8
5/4/2022 18:12:49,Frontend,"JavaScript, PHP",1,Όχι,Άντρας,Απομακρυσμένα,Θεσσαλονίκη,Αθήνα,51 - 100,Όχι,Bachelor's,ΧΗΜΕΙΑ,11200
5/4/2022 18:12:50,Frontend,JavaScript,5,Όχι,Άντρας,Και τα δύο,Αθήνα,Αθήνα,501+,Όχι,Master,Ναι,17800
5/4/2022 18:16:13,Embedded,C,10,Ναι,Άντρας,Και τα δύο,Graz,Graz,501+,Όχι,Master,Electronics Engineering,41580
5/4/2022 18:31:45,Backend,Java,8,Ναι,Άντρας,Απομακρυσμένα,Αθήνα,Αθήνα,501+,Όχι,Bachelor's,Ναι,1200
5/4/2022 18:34:40,Mobile apps,Java,1,Ναι,Άντρας,Και τα δύο,Αθήνα,Αθήνα,501+,Όχι,Bachelor's,Ναι,14000
5/4/2022 18:36:36,AI / ML,Python,4,Όχι,Άντρας,Απομακρυσμένα,Αθήνα,Αθήνα,101 - 200,Όχι,Master,Ναι,28000
5/4/2022 18:40:04,AI / ML,Python,3,Όχι,Άντρας,Απομακρυσμένα,Αθήνα,Αθήνα,101 - 200,Όχι,Master,Ναι,20300
5/4/2022 18:43:15,AI / ML,Python,1,Όχι,Άντρας,Απομακρυσμένα,Αθήνα,Αθήνα,101 - 200,Όχι,Bachelor's,Mathematics,15400
5/4/2022 18:46:01,AI / ML,Python,2,Όχι,Άντρας,Απομακρυσμένα,italy,Αθήνα,201 - 500,Όχι,Bachelor's,Ναι,18200
5/4/2022 18:50:30,DevOps,"Python, Bash",8,Όχι,Άντρας,Και τα δύο,Reading UK,Reading UK,201 - 500,Όχι,Master,Ναι,74603
5/4/2022 18:54:51,Big Data Engineer,"Java, Python, Bash",1,Όχι,Άντρας,Και τα δύο,Αθήνα,Αθήνα,501+,Όχι,Bachelor's,Ναι,14000
5/4/2022 19:07:35,"Backend, DevOps","Python, Bash",7,Ναι,Άντρας,Και τα δύο,Nicosia,Nicosia,1 - 10,Όχι,Master,Ναι,20000
5/4/2022 19:08:13,"Backend, Frontend","C#, JavaScript, PHP",7,Ναι,Άντρας,Απομακρυσμένα,Αθήνα,London,11 - 50,Ναι,Λύκειο,,50000
5/4/2022 19:08:41,Frontend,"Java, PHP",1,Όχι,Άντρας,Και τα δύο,Αθήνα,Αθήνα,51 - 100,Όχι,Bachelor's,Ναι,8400
5/4/2022 19:14:39,"Backend, DevOps","C, C#, Python, Bash",3,Ναι,Άντρας,Στον χώρο του εργοδότη,Αθήνα,Αθήνα,201 - 500,Όχι,Bachelor's,Ναι,1300
5/4/2022 19:24:54,"Backend, DevOps",Go,3,Όχι,Άντρας,Και τα δύο,Αθήνα,Αθήνα,11 - 50,Όχι,Master,Ναι,32200
5/4/2022 19:26:42,Frontend,JavaScript,6,Όχι,Άντρας,Και τα δύο,Καβάλα,Καβάλα,101 - 200,Ναι,Master,Ναι,20160
5/4/2022 19:31:44,"Frontend, Mobile apps",JavaScript,2,Ναι,Άντρας,Και τα δύο,Θεσσαλονίκη,Θεσσαλονίκη,101 - 200,Όχι,Bachelor's,Ναι,14.2
5/4/2022 19:36:47,"Backend, Frontend",JavaScript,1,Ναι,Άντρας,Απομακρυσμένα,Ιωάννινα,London,11 - 50,Όχι,Master,Ναι,36000
5/4/2022 19:38:03,"Backend, DevOps","Java, Python, Bash",1,Όχι,Άντρας,Και τα δύο,Αθήνα,Αθήνα,501+,Όχι,Master,Ναι,14209
5/4/2022 19:48:44,"Backend, Frontend","Java, JavaScript",1,Όχι,Άντρας,Απομακρυσμένα,Σέρρες,Αθήνα,1 - 10,Όχι,Bachelor's,Ναι,9600
5/4/2022 19:51:13,Backend,C#,8,Όχι,Άντρας,Και τα δύο,Αθήνα,Αθήνα,201 - 500,Όχι,Bachelor's,Ναι,21182
5/4/2022 19:53:21,"Backend, Frontend","JavaScript, Typescript",5,Όχι,Άντρας,Και τα δύο,Munich,,11 - 50,Όχι,Bachelor's,Ναι,47000
5/4/2022 19:59:22,"Backend, Frontend",Java,23,Ναι,Άντρας,Και τα δύο,Αθήνα,Αθήνα,501+,Όχι,Master,MATHEMATICS ,30000
5/4/2022 20:03:56,"Backend, Frontend",Java,2,Όχι,Άντρας,Και τα δύο,Θεσσαλονίκη,Θεσσαλονίκη,501+,Όχι,Bachelor's,Ναι,16600
5/4/2022 20:09:25,Frontend,JavaScript,1,Ναι,Άντρας,Στον χώρο του εργοδότη,Αθήνα,Αθήνα,11 - 50,Όχι,Bachelor's,Φυσικής,14000
5/4/2022 20:25:18,Backend,C#,3,Ναι,Άντρας,Και τα δύο,Αθήνα,Αθήνα,101 - 200,Όχι,Bachelor's,Ναι,32928
5/4/2022 20:27:48,AI / ML,Python,1,Όχι,Άντρας,Και τα δύο,Stockholm,Stockholm,11 - 50,Όχι,Master,Ναι,32000
5/4/2022 20:41:21,Backend,PHP,4,Ναι,Άντρας,Απομακρυσμένα,Αθήνα,Αθήνα,101 - 200,Όχι,Bachelor's,Ναι,27600
5/4/2022 20:49:58,Automation QA,"Java, JavaScript",1,Όχι,Άντρας,Και τα δύο,Αθήνα,Αθήνα,201 - 500,Όχι,Bachelor's,Ναι,14200
5/4/2022 21:01:53,Backend,"JavaScript, PHP",1,Όχι,Άντρας,Στον χώρο του εργοδότη,Πάτρα,Πάτρα,1 - 10,Ναι,Bachelor's,Ναι,10.2
5/4/2022 21:22:19,Backend,"Java, Kotlin",4,Όχι,Άντρας,Απομακρυσμένα,Αθήνα,Αθήνα,501+,Όχι,Master,Ναι,19600
5/4/2022 21:24:29,Backend,Java,5,Ναι,Άντρας,Και τα δύο,Αθήνα,Αθήνα,501+,Όχι,Bachelor's,Ναι,20000
5/4/2022 21:27:57,Desktop apps,Visual Objects,23,Όχι,Άντρας,Στον χώρο του εργοδότη,Αθήνα,Αθήνα,1 - 10,Ναι,Bachelor's,Φυσικη,24000
5/4/2022 21:35:25,Full Stack,"Java, C#, JavaScript, PHP, React Js",10,Ναι,Άντρας,Και τα δύο,Αθήνα,Αθήνα,11 - 50,Ναι,Bachelor's,Ναι,37000
5/4/2022 21:36:53,"Backend, Frontend, DevOps","JavaScript, PHP, Bash",13,Ναι,Άντρας,Απομακρυσμένα,Αθήνα,Αθήνα,1 - 10,Όχι,Bachelor's,Στατιστική,18000
5/4/2022 21:40:57,Performance Testing,"Python, Bash",4,Όχι,Άντρας,Απομακρυσμένα,Πάτρα,Πάτρα,501+,Ναι,Bachelor's,Ναι,24300
5/4/2022 21:42:51,Frontend,JavaScript,6,Όχι,Γυναίκα,Και τα δύο,Αθήνα,Αθήνα,51 - 100,Όχι,Λύκειο,,15500
5/4/2022 21:47:47,"Backend, Frontend, Desktop apps",C#,3,Όχι,Άντρας,Στον χώρο του εργοδότη,Αθήνα,Αθήνα,11 - 50,Ναι,Bachelor's,Όχι,12824
5/4/2022 21:57:36,"Backend, Frontend","Java, JavaScript",14,Ναι,Άντρας,Και τα δύο,Αθήνα,Αθήνα,51 - 100,Όχι,Master,Ναι,34000
5/4/2022 22:08:01,"Backend, Frontend",Java,1,Όχι,Άντρας,Απομακρυσμένα,Αθήνα,Αθήνα,101 - 200,Όχι,Bachelor's,Ναι,980
5/4/2022 22:27:08,Backend,X++,3,Όχι,Άντρας,Στον χώρο του εργοδότη,Καβάλα ,Καβάλα ,51 - 100,Όχι,Master,Ναι,21700
5/4/2022 22:29:36,DevOps,"Python, Go",1,Όχι,Άντρας,Και τα δύο,Αθήνα,Αθήνα,201 - 500,Όχι,Bachelor's,Ναι,14200
5/4/2022 22:39:28,Desktop apps,C#,1,Όχι,Γυναίκα,Απομακρυσμένα,Αθήνα,Αθήνα,501+,Όχι,Bachelor's,Ναι,11.452
5/4/2022 22:41:59,Frontend,JavaScript,4,Όχι,Άντρας,Και τα δύο,Utrecht,Amsterdam,501+,Όχι,Master,Ναι,70000
5/4/2022 22:42:47,Frontend,JavaScript,1,Ναι,Άντρας,Απομακρυσμένα,Αθήνα,Ιωάννινα,51 - 100,Όχι,Master,Ναι,12000
5/4/2022 22:48:25,"Backend, Frontend, Mobile apps","C#, JavaScript, SQL",11,Όχι,Άντρας,Στον χώρο του εργοδότη,Αθήνα,Αθήνα,1 - 10,Ναι,Bachelor's,Ναι,32200
5/4/2022 22:53:12,Desktop apps,C#,1,Όχι,Άντρας,Στον χώρο του εργοδότη,Θεσσαλονίκη,Θεσσαλονίκη,11 - 50,Όχι,Bachelor's,Ναι,11500
5/4/2022 23:31:41,"Backend, Frontend, DevOps","JavaScript, PHP",5,Ναι,Άντρας,Και τα δύο,Αθήνα,Αθήνα,201 - 500,Όχι,Λύκειο,,23000
5/4/2022 23:32:59,Full stack,"C#, JavaScript",10,Όχι,Άντρας,Απομακρυσμένα,Αθήνα,Αθήνα,11 - 50,Ναι,Master,Ναι,32900
5/4/2022 23:48:56,"Backend, Frontend, Gaming","Python, JavaScript, PHP, Lua",4,Όχι,Άντρας,Και τα δύο,Θεσσαλονίκη,Θεσσαλονίκη,1 - 10,Όχι,Λύκειο,,7000
5/4/2022 23:50:42,Backend,Java,2,Όχι,Άντρας,Στον χώρο του εργοδότη,Αθήνα,Αθήνα,11 - 50,Όχι,Master,Ναι,16800
5/4/2022 23:58:26,Backend,"C#, JavaScript",9,Ναι,Άντρας,Και τα δύο,Θεσσαλονίκη,Θεσσαλονίκη και London ,501+,Όχι,Bachelor's,Ναι,42000
5/5/2022 0:04:25,Frontend,"JavaScript, Angular w/ TypeScript",1,Ναι,Άντρας,Στον χώρο του εργοδότη,Αθήνα,Αθήνα,1 - 10,Όχι,Bachelor's,Ναι,12850
5/5/2022 0:12:32,Mobile apps,"Java, Kotlin",1,Ναι,Άντρας,Απομακρυσμένα,Θεσσαλονίκη,Αθήνα,51 - 100,Όχι,Bachelor's,Ναι,15400
5/5/2022 0:16:26,Backend,"Python, JavaScript",1,Ναι,Άντρας,Απομακρυσμένα,Θεσσαλονίκη,Αθήνα,1 - 10,Όχι,Bachelor's,Ναι,10600
5/5/2022 0:21:51,Backend,PHP,8,Ναι,Άντρας,Και τα δύο,Αθήνα,Αθήνα,501+,Ναι,Master,Ναι,32000
5/5/2022 0:50:38,"Backend, Frontend","JavaScript, PHP",2,Ναι,Άντρας,Απομακρυσμένα,Πάτρα,Πάτρα,11 - 50,Ναι,ΙΕΚ,Ναι,11000
5/5/2022 1:21:13,Full Stack,"JavaScript, Typescript",4,Ναι,Άντρας,Και τα δύο,Αθήνα,Αθήνα,1 - 10,Όχι,Bachelor's,Ναι,21000
5/5/2022 2:45:33,DevOps,"Java, C#, JavaScript",8,Ναι,Άντρας,Απομακρυσμένα,Αθήνα,Αθήνα,501+,Ναι,Bachelor's,Ναι,50000
5/5/2022 9:06:12,Backend,"JavaScript, PHP",1,Όχι,Άντρας,Απομακρυσμένα,Πάτρα,Κως,11 - 50,Όχι,Λύκειο,,850
5/5/2022 9:34:19,"Backend, Frontend","JavaScript, PHP, Go",3,Ναι,Άντρας,Και τα δύο,Αθήνα,Αθήνα,501+,Ναι,Master,Ναι,1244
5/5/2022 9:51:19,Frontend,JavaScript,3,Ναι,Άντρας,Απομακρυσμένα,Θεσσαλονίκη,Θεσσαλονίκη,11 - 50,Όχι,Master,Ναι,14000
5/5/2022 10:29:23,Backend,Go,3,Ναι,Άντρας,Απομακρυσμένα,Ξάνθη,Ξάνθη,51 - 100,Ναι,Λύκειο,,44000
5/5/2022 10:34:28,Frontend,JavaScript,5,Ναι,Άντρας,Και τα δύο,Αθήνα,Αθήνα,11 - 50,Ναι,Master,Ναι,23800
5/5/2022 10:41:12,"Backend, Frontend, DevOps, Mobile apps, Management","C#, JavaScript, PHP, Unibasic",14,Ναι,Άντρας,Και τα δύο,Oxford,Oxford,11 - 50,Ναι,Bachelor's,Electronic Engineering,970000
5/5/2022 12:20:30,Backend,PHP,3,Ναι,Άντρας,Και τα δύο,Αθήνα,Αθήνα,11 - 50,Όχι,ΙΕΚ,Ναι,21
5/5/2022 13:14:04,Frontend,JavaScript,12,Όχι,Άντρας,Και τα δύο,Αθήνα,Αθήνα,201 - 500,Ναι,Bachelor's,Ναι,50000
5/5/2022 13:37:25,"Backend, AI / ML, Gaming","Java, C++",4,Ναι,Άντρας,Απομακρυσμένα,καλαμάτα,καλαμάτα,1 - 10,Ναι,Λύκειο,,1500000
5/5/2022 18:15:38,Backend,Go,1,Ναι,Άντρας,Απομακρυσμένα,Αθήνα,Ηράκλειο,51 - 100,Όχι,Λύκειο,,16800
5/5/2022 18:23:51,Backend,C#,20,Όχι,Άντρας,Και τα δύο,Αθήνα,Αθήνα,1 - 10,Ναι,Bachelor's,Economics,35000
5/5/2022 19:32:53,DevOps,"Bash, Groovy",1,Ναι,Άντρας,Και τα δύο,Αθήνα,Αθήνα,501+,Όχι,Bachelor's,Ναι,7200
5/5/2022 19:41:53,"Backend, Frontend, DevOps","Java, JavaScript",1,Όχι,Γυναίκα,Απομακρυσμένα,Θεσσαλονίκη,Αθήνα,501+,Όχι,Bachelor's,Παιδαγωγικά ,14300
5/5/2022 20:01:20,Frontend,JavaScript,2,Όχι,Άντρας,Και τα δύο,Θεσσαλονίκη,Θεσσαλονίκη,501+,Όχι,ΙΕΚ,Ναι,19600
5/5/2022 20:31:58,Frontend,Angular (TypeScript),1,Όχι,Άντρας,Στον χώρο του εργοδότη,Θεσσαλονίκη,Θεσσαλονίκη,201 - 500,Ναι,Λύκειο,,7800
5/5/2022 20:36:34,Frontend,JavaScript,1,Ναι,Άντρας,Απομακρυσμένα,Θεσσαλονίκη,Θεσσαλονίκη,501+,Όχι,Bachelor's,Ναι,13000
5/5/2022 21:37:36,Frontend,JavaScript,3,Ναι,Άντρας,Και τα δύο,Ιωάννινα,Ιωάννινα,501+,Όχι,Master,Ναι,26000
5/5/2022 21:46:06,"Backend, Frontend",JavaScript,3,Όχι,Άντρας,Απομακρυσμένα,Αθήνα,Berlin,501+,Όχι,Bachelor's,Ναι,27223
5/5/2022 22:28:15,Backend,Java,1,Ναι,Άντρας,Απομακρυσμένα,Αγρίνιο,Αθήνα,501+,Όχι,Bachelor's,Ναι,12.228
5/5/2022 22:31:07,"Backend, Frontend","C#, JavaScript",12,Όχι,Άντρας,Και τα δύο,Αθήνα,Αθήνα,501+,Ναι,Master,Ναι,27553
5/5/2022 22:32:57,"Backend, Frontend, Mobile apps, Desktop apps","Java, JavaScript, Bash, TCL",8,Όχι,Άντρας,Και τα δύο,Αθήνα,Αθήνα,501+,Ναι,Master,Ναι,25994
5/5/2022 22:38:25,Backend,Ruby,3,Όχι,Άντρας,Απομακρυσμένα,Αθήνα,Αθήνα,201 - 500,Όχι,Bachelor's,Μηχανολόγος Μηχανικός,16800
5/5/2022 22:52:35,"AI / ML, BI","Java, Python, Bash, SQL",6,Όχι,Άντρας,Και τα δύο,Stockholm,Stockholm,101 - 200,Όχι,Master,Ναι,45000
5/5/2022 23:13:35,"Backend, Frontend","JavaScript, PHP",6,Όχι,Άντρας,Απομακρυσμένα,Αθήνα,Αθήνα,501+,Όχι,ΙΕΚ,Ναι,32200
5/5/2022 23:22:15,"Backend, Frontend","JavaScript, PHP",3,Όχι,Άντρας,Απομακρυσμένα,Θεσσαλονίκη,Paris ,11 - 50,Όχι,Bachelor's,Ναι,21000
5/6/2022 7:55:48,Frontend,JavaScript,1,Ναι,Γυναίκα,Και τα δύο,Munich,Munich,101 - 200,Όχι,Bachelor's,Ναι,28000
5/6/2022 8:23:27,"Backend, Frontend",Python,1,Ναι,Άντρας,Στον χώρο του εργοδότη,Αθήνα,Αθήνα,11 - 50,Όχι,Bachelor's,Φυσική,4550
5/6/2022 9:19:02,Frontend,PHP,1,Ναι,Άντρας,Απομακρυσμένα,Κεφαλονιά,Αθήνα,11 - 50,Όχι,Bachelor's,Ναι,10000
5/6/2022 9:39:00,"Backend, Frontend","JavaScript, PHP",4,Όχι,Άντρας,Και τα δύο,Θεσσαλονίκη,Θεσσαλονίκη,11 - 50,Ναι,Bachelor's,Ηλεκτρολόγος Μηχανικός,11.88
5/6/2022 9:51:37,sap,abap,1,Όχι,Άντρας,Και τα δύο,Θεσσαλονίκη,Θεσσαλονίκη,501+,Όχι,Master,Ναι,13000
5/6/2022 10:25:33,"Backend, Frontend","C#, JavaScript",1,Όχι,Άντρας,Και τα δύο,Πάτρα,Πάτρα,501+,Όχι,Bachelor's,Ναι,12892
5/6/2022 11:32:42,Backend,Python,7,Όχι,Άντρας,Και τα δύο,Αθήνα,Αθήνα,51 - 100,Ναι,Bachelor's,Ναι,33600
5/6/2022 13:34:59,"Backend, Frontend","JavaScript, PHP",6,Ναι,Άντρας,Και τα δύο,Αθήνα,Αθήνα,1 - 10,Όχι,Λύκειο,,8400
5/6/2022 13:41:37,"Backend, Frontend, AI / ML","Python, JavaScript, PHP",20,Ναι,Άντρας,Και τα δύο,Αθήνα,Αθήνα,11 - 50,Ναι,Master,Ναι,3000
5/6/2022 14:32:21,DevOps,"Bash, Terraform ansible",1,Ναι,Άντρας,Και τα δύο,Αθήνα,Αθήνα,201 - 500,Όχι,Bachelor's,Ναι,18000
5/6/2022 17:02:54,"Backend, Frontend, DevOps","C#, JavaScript",3,Όχι,Άντρας,Και τα δύο,Αθήνα,Αθήνα,11 - 50,Όχι,Λύκειο,,21000
5/6/2022 23:25:19,"Backend, Frontend, DevOps","Python, JavaScript",3,Ναι,Άντρας,Απομακρυσμένα,Ηράκλειο,Αθήνα,1 - 10,Ναι,Master,Μηχανικών Παραγωγής και Διοικησης,19600
5/6/2022 23:49:58,Desktop apps,"C#, VB.NET",1,Όχι,Άντρας,Και τα δύο,Αθήνα,Αθήνα,201 - 500,Όχι,Master,Ναι,12000
5/7/2022 13:49:24,"Backend, Frontend","JavaScript, PHP",4,Όχι,Άντρας,Απομακρυσμένα,Αθήνα,Αθήνα,11 - 50,Όχι,Bachelor's,Ναι,12969.46
5/7/2022 14:07:03,"Backend, DevOps",Java,4,Όχι,Άντρας,Απομακρυσμένα,Θεσσαλονίκη,Θεσσαλονίκη,11 - 50,Όχι,Bachelor's,Ναι,850
5/7/2022 15:19:52,"Backend, Frontend, Mobile apps, Software architecture ",JavaScript,23,Ναι,Άντρας,Και τα δύο,Αθήνα,Αθήνα,51 - 100,Ναι,ΙΕΚ,Ναι,90000
5/7/2022 15:39:52,DevOps,Python,4,Όχι,Άντρας,Απομακρυσμένα,Θεσσαλονίκη,Θεσσαλονίκη,201 - 500,Όχι,Bachelor's,Ναι,23800
5/7/2022 16:04:33,QA Automation ,"JavaScript, Typescript ",9,Όχι,Άντρας,Απομακρυσμένα,Θεσσαλονίκη,Θεσσαλονίκη,11 - 50,Ναι,Bachelor's,Ναι,29400
5/7/2022 17:11:06,Embedded,C++,1,Ναι,Άντρας,Στον χώρο του εργοδότη,Αθήνα,Αθήνα,51 - 100,Όχι,Bachelor's,Ναι,21000
5/7/2022 17:14:35,Frontend,"JavaScript, HTML, CSS",1,Όχι,Άντρας,Στον χώρο του εργοδότη,Αθήνα,Αθήνα,11 - 50,Όχι,Bachelor's,Ναι,10500
5/7/2022 19:25:43,Backend,C#,1,Όχι,Άντρας,Απομακρυσμένα,Αθήνα,Αθήνα,1 - 10,Ναι,Master,civil engineering,14000
5/7/2022 22:21:36,AI / ML,Python,1,Ναι,Άντρας,Και τα δύο,Αθήνα,Αθήνα,11 - 50,Όχι,Master,Ναι,15600
5/7/2022 23:47:46,Frontend,JavaScript,2,Όχι,Άντρας,Και τα δύο,Αθήνα,Αθήνα,101 - 200,Όχι,Bachelor's,Ναι,19000
5/8/2022 16:10:55,Backend,Java,2,Ναι,Άντρας,Και τα δύο,Πάτρα,Πάτρα,501+,Όχι,Bachelor's,Ηλεκτρολογία,1300
5/8/2022 17:01:01,Backend,"JavaScript, PHP",1,Ναι,Άντρας,Απομακρυσμένα,Πάτρα,Αθήνα,51 - 100,Όχι,Master,Ναι,1000
5/8/2022 17:02:05,Frontend,JavaScript,1,Όχι,Άντρας,Και τα δύο,Αθήνα,Αθήνα,501+,Όχι,Master,Ναι,10518
5/8/2022 21:22:06,Mobile apps,"Java, Go, Typescript",1,Όχι,Άντρας,Και τα δύο,Geneva,Geneva,501+,Όχι,Bachelor's,Ναι,39828
5/9/2022 0:07:57,"Backend, Frontend, DevOps","Python, JavaScript, PHP",2,Ναι,Άντρας,Και τα δύο,Αθήνα,Αθήνα,101 - 200,Ναι,Bachelor's,Ναι,1500
5/9/2022 8:07:30,"Backend, Frontend, Desktop apps, Embedded, BI, ERP","C++, C#, Python, JavaScript, PHP, Kotlin",10,Ναι,Άντρας,Στον χώρο του εργοδότη,Θεσσαλονίκη,Θεσσαλονίκη,101 - 200,Ναι,Bachelor's,Ναι,25000
5/9/2022 11:24:57,"Backend, BI",Python,1,Ναι,Άντρας,Και τα δύο,Αθήνα,Αθήνα,11 - 50,Όχι,Master,Ναι,10000
5/9/2022 18:47:11,Frontend,JavaScript,3,Ναι,Άντρας,Και τα δύο,Αθήνα,Αθήνα,51 - 100,Όχι,Master,Ναι,20000
5/9/2022 19:00:42,"Backend, Frontend","Python, JavaScript",5,Όχι,Άντρας,Απομακρυσμένα,Αθήνα,Frankfurt,11 - 50,Όχι,Bachelor's,Ναι,45000
5/9/2022 21:02:27,Backend,C++,1,Ναι,Άντρας,Και τα δύο,Amsterdam,Amsterdam,501+,Όχι,Master,Civil Engineering,59000
5/10/2022 6:48:35,Backend,"C#, Python, JavaScript",5,Όχι,Άντρας,Απομακρυσμένα,Αθήνα,Αθήνα,501+,Όχι,Bachelor's,Ναι,22500
5/10/2022 10:49:57,Backend,Java,1,Ναι,Άντρας,Και τα δύο,Αθήνα,Αθήνα,201 - 500,Όχι,Bachelor's,Ναι,800
5/11/2022 12:13:15,"Backend, Frontend",JavaScript,9,Όχι,Άντρας,Στον χώρο του εργοδότη,Θεσσαλονίκη,Θεσσαλονίκη,201 - 500,Όχι,PhD,Ναι,22500
5/11/2022 12:13:41,DevOps,Python,1,Όχι,Γυναίκα,Και τα δύο,Αθήνα,Αθήνα,101 - 200,Όχι,Bachelor's,Ναι,8974
5/11/2022 12:15:25,Backend,Java,4,Ναι,Άντρας,Και τα δύο,Αθήνα,Αθήνα,501+,Όχι,Λύκειο,,20000
5/11/2022 12:16:33,Frontend,"JavaScript, PHP",5,Όχι,Γυναίκα,Απομακρυσμένα,Αθήνα,Αθήνα,51 - 100,Όχι,ΙΕΚ,Ναι,19600
5/11/2022 12:30:27,"Backend, Frontend","JavaScript, PHP",3,Ναι,Άντρας,Στον χώρο του εργοδότη,Ηράκλειο,Ηράκλειο,1 - 10,Ναι,ΙΕΚ,Ναι,8000
5/11/2022 12:45:19,Frontend,JavaScript,6,Ναι,Άντρας,Και τα δύο,Θεσσαλονίκη,Θεσσαλονίκη,201 - 500,Όχι,Master,Ναι,22000
5/11/2022 12:46:01,Frontend,JavaScript,9,Ναι,Άντρας,Και τα δύο,Πάτρα,Πάτρα,201 - 500,Ναι,Bachelor's,Ναι,31000
5/11/2022 12:57:35,Backend,Java,1,Όχι,Άντρας,Απομακρυσμένα,Θεσσαλονίκη,Αθήνα,11 - 50,Όχι,Master,Ναι,16320
5/11/2022 13:07:25,Frontend,"JavaScript, Typescript",1,Ναι,Άντρας,Και τα δύο,Αθήνα,Αθήνα,201 - 500,Όχι,Bachelor's,Ναι,21.56
5/11/2022 13:21:10,Gaming,"C++, C#, JavaScript",8,Ναι,Γυναίκα,Απομακρυσμένα,Πάτρα,Πάτρα,1 - 10,Ναι,Master,Ναι,30000
5/11/2022 13:34:18,Frontend,"JavaScript, PHP",6,Ναι,Άντρας,Στον χώρο του εργοδότη,Ηράκλειο,Ηράκλειο,11 - 50,Ναι,Λύκειο,,22400
5/11/2022 14:11:10,"Backend, Frontend, DevOps","Java, Angular",1,Ναι,Άντρας,Απομακρυσμένα,Καλαμάτα,Θεσσαλονίκη,501+,Όχι,Master,Ναι,18200
5/11/2022 14:12:54,"Backend, Frontend, Mobile apps","JavaScript, PHP, Ruby",10,Ναι,Άντρας,Απομακρυσμένα,Θεσσαλονίκη,Dubai,51 - 100,Όχι,Bachelor's,Ναι,64000
5/11/2022 14:14:24,"Backend, Frontend","C#, JavaScript",4,Όχι,Άντρας,Απομακρυσμένα,Θεσσαλονίκη,Θεσσαλονίκη,11 - 50,Όχι,Master,Ναι,19600
5/11/2022 14:23:15,Backend,Java,2,Όχι,Άντρας,Και τα δύο,Αθήνα,,201 - 500,Όχι,Bachelor's,Ναι,16025
5/11/2022 14:24:26,"Backend, Frontend","C#, JavaScript, Visual Basic",10,Ναι,Άντρας,Και τα δύο,Αθήνα,Αθήνα,101 - 200,Όχι,Master,Ναι,28000
5/11/2022 14:25:39,Backend,PL/1 (IBM),1,Ναι,Άντρας,Απομακρυσμένα,Πάτρα,Αθήνα,51 - 100,Όχι,Bachelor's,Ναι,11.461
5/11/2022 14:31:25,Backend,C#,4,Ναι,Άντρας,Και τα δύο,Αθήνα,Αθήνα,501+,Όχι,Bachelor's,Ναι,21556
5/11/2022 14:45:26,"Backend, Frontend, Desktop apps",JavaScript,4,Ναι,Άντρας,Απομακρυσμένα,Αθήνα,Αθήνα,1 - 10,Ναι,Bachelor's,History & Philosophy of Science,35000
5/11/2022 14:54:56,Frontend,JavaScript,4,Ναι,Άντρας,Και τα δύο,Αθήνα,Αθήνα,51 - 100,Όχι,Master,Οικονομικά,23800
5/11/2022 14:58:11,"Backend, Frontend","JavaScript, PHP",4,Ναι,Άντρας,Και τα δύο,Αθήνα,Αθήνα,201 - 500,Όχι,Bachelor's,Ναι,14700
5/11/2022 15:12:40,"jaspersoft studio, report development ","Java, sql ",1,Όχι,Άντρας,Στον χώρο του εργοδότη,Λευκωσία ,Λευκωσία ,101 - 200,Όχι,Bachelor's,Ηλεκτρολόγος Μηχανικός,1300
5/11/2022 15:21:10,Frontend,JavaScript,1,Ναι,Άντρας,Και τα δύο,Ρόδος,Ρόδος,1 - 10,Όχι,Master,Ναι,11900
5/11/2022 15:24:50,Backend,Java,5,Όχι,Άντρας,Και τα δύο,Αθήνα,Αθήνα,201 - 500,Ναι,Master,Ναι,29032
5/11/2022 15:33:32,R&D Engineer,"Python, React",1,Όχι,Άντρας,Απομακρυσμένα,Πάτρα,Πάτρα,1 - 10,Ναι,Master,Ναι,8400
5/11/2022 15:36:17,Frontend,JavaScript,5,Ναι,Άντρας,Απομακρυσμένα,Αθήνα,Amsterdam,101 - 200,Ναι,Master,ΌΧΙ,40000
5/11/2022 15:41:41,web,"JavaScript, PHP",1,Όχι,Άντρας,Στον χώρο του εργοδότη,Ιωάννινα,Ιωάννινα,1 - 10,Όχι,Λύκειο,,8400
5/11/2022 16:08:22,AI / ML,Python,5,Όχι,Άντρας,Απομακρυσμένα,Αθήνα,Singapore,1 - 10,Όχι,Master,Ναι,29750
5/11/2022 16:26:47,Frontend,"JavaScript, Go",4,Ναι,Άντρας,Και τα δύο,Αθήνα,Αθήνα,501+,Όχι,Λύκειο,,26050
5/11/2022 16:28:03,Test Engineer ,"JavaScript, Typescript",8,Όχι,Γυναίκα,Και τα δύο,Αθήνα,Αθήνα,51 - 100,Όχι,Master,Ναι,29.4
5/11/2022 16:55:08,"Backend, Frontend","JavaScript, PHP",1,Ναι,Άντρας,Απομακρυσμένα,Αθήνα,Αθήνα,1 - 10,Όχι,Bachelor's,Ναι,12600
5/11/2022 16:56:31,"Backend, Frontend",JavaScript,1,Ναι,Άντρας,Απομακρυσμένα,Θεσσαλονίκη,,11 - 50,Ναι,Bachelor's,Ναι,30000
5/11/2022 17:09:30,Backend,Java,8,Όχι,Άντρας,Και τα δύο,Αθήνα,Αθήνα,101 - 200,Ναι,Master,Ναι,30000
5/11/2022 17:25:11,Frontend,JavaScript,10,Όχι,Άντρας,Απομακρυσμένα,Αθήνα,Αθήνα,101 - 200,Όχι,Bachelor's,Ναι,40000
5/11/2022 17:25:49,DevOps,"Python, Ansible",1,Όχι,Άντρας,Και τα δύο,Brno,Prague,501+,Ναι,ΙΕΚ,Ναι,40000
5/11/2022 18:16:08,"Backend, Frontend","JavaScript, PHP",4,Όχι,Άντρας,Και τα δύο,Αθήνα,Αθήνα,1 - 10,Όχι,ΙΕΚ,Ναι,18.2
5/11/2022 18:42:46,Frontend,"JavaScript, Bash",2,Όχι,Άντρας,Και τα δύο,Αθήνα,Αθήνα,501+,Όχι,Λύκειο,,22940
5/11/2022 18:53:46,DevOps,"Python, PHP, Bash",20,Όχι,Άντρας,Απομακρυσμένα,Αθήνα,Αθήνα,1 - 10,Όχι,Master,Ναι,25000
5/11/2022 19:02:43,Mobile apps,C#,1,Όχι,Άντρας,Και τα δύο,Αθήνα,Αθήνα,51 - 100,Όχι,Master,Νευροεπιστήμη,13300
5/11/2022 19:11:40,"Backend, DevOps","Python, Bash",3,Όχι,Άντρας,Και τα δύο,Θεσσαλονίκη,Θεσσαλονίκη,51 - 100,Ναι,Master,Ναι,23000
5/11/2022 19:24:59,"Backend, Frontend","JavaScript, PHP",2,Ναι,Άντρας,Και τα δύο,Αθήνα,Αθήνα,501+,Όχι,Master,Ναι,1000
5/11/2022 20:34:56,Embedded,"C++, Go",2,Ναι,Άντρας,Απομακρυσμένα,Αθήνα,Αθήνα,501+,Όχι,Master,Ναι,20000
5/11/2022 20:49:56,"Backend, Frontend, DevOps","Python, JavaScript, PHP",1,Ναι,Άντρας,Απομακρυσμένα,Θεσσαλονίκη,Θεσσαλονίκη,201 - 500,Όχι,Bachelor's,Ναι,1060
5/11/2022 21:00:31,Frontend,JavaScript,1,Όχι,Άντρας,Απομακρυσμένα,Αθήνα,Αθήνα,201 - 500,Όχι,Bachelor's,ΗΛΕΚΤΡΟΝΙΚΟΣ ΜΗΧΑΝΙΚΟΣ,11732
5/11/2022 21:15:20,AI / ML,"Java, Python, SQL",20,Ναι,Άντρας,Απομακρυσμένα,Αθήνα,Αθήνα,501+,Ναι,Master,Ναι,50000
5/11/2022 21:59:31,"Backend, Frontend",JavaScript,1,Όχι,Άντρας,Και τα δύο,Αθήνα,Αθήνα,501+,Όχι,Bachelor's,Ναι,11900
5/11/2022 22:13:24,Backend,"Java, Bash",16,Όχι,Άντρας,Απομακρυσμένα,Αθήνα,Αθήνα,101 - 200,Όχι,Master,Ναι,28000
5/11/2022 22:20:31,"Frontend, Mobile apps",Typescript,2,Όχι,Άντρας,Απομακρυσμένα,Αθήνα,Αθήνα,51 - 100,Όχι,Λύκειο,,25200
5/11/2022 22:21:56,"Backend, Frontend, DevOps, Mobile apps","JavaScript, PHP, React Native",3,Ναι,Άντρας,Απομακρυσμένα,Αθήνα,Αθήνα,1 - 10,Ναι,Bachelor's,Ναι,20900
5/11/2022 22:25:25,Frontend,"JavaScript, TypeScript",1,Όχι,Άντρας,Και τα δύο,Αθήνα,Αθήνα,501+,Όχι,Bachelor's,Ναι,15120
5/11/2022 22:43:16,Embedded,"C, C#",2,Όχι,Άντρας,Στον χώρο του εργοδότη,Θεσσαλονίκη,Θεσσαλονίκη,11 - 50,Όχι,Master,Ναι,16000
5/11/2022 22:48:48,"Backend, Frontend, Mobile apps","JavaScript, PHP, React, Angular ",8,Ναι,Γυναίκα,Και τα δύο,Αθήνα,Αθήνα,51 - 100,Όχι,Master,Ναι,21200
5/11/2022 22:57:31,Backend,Ruby,15,Όχι,Άντρας,Και τα δύο,Αθήνα,Αθήνα,201 - 500,Ναι,Master,Ναι,56000
5/11/2022 22:58:05,"Gaming, Research","C++, Python",1,Ναι,Άντρας,Και τα δύο,Ιωάννινα,Ιωάννινα,1 - 10,Όχι,Master,Ναι,9600
5/11/2022 23:23:20,Backend,C#,5,Όχι,Άντρας,Και τα δύο,Αθήνα,Αθήνα,501+,Όχι,Master,Ναι,28832
5/12/2022 0:09:59,Backend,Java,1,Ναι,Άντρας,Και τα δύο,Αθήνα,Αθήνα,501+,Όχι,Λύκειο,,1000
5/12/2022 0:12:24,"Backend, Frontend","Python, TypeScript",1,Ναι,Άντρας,Απομακρυσμένα,Θεσσαλονίκη,Θεσσαλονίκη,11 - 50,Όχι,Bachelor's,Ναι,26000
5/12/2022 0:19:47,"Backend, Frontend","Java, JavaScript, PHP",23,Όχι,Άντρας,Και τα δύο,Αθήνα,Αθήνα,201 - 500,Ναι,Bachelor's,Ναι,28000
5/12/2022 1:06:42,"Backend, DevOps",Java,2,Όχι,Άντρας,Και τα δύο,Αθήνα,Αθήνα,501+,Όχι,Bachelor's,Ναι,16500
5/12/2022 1:08:23,Frontend,JavaScript,8,Ναι,Άντρας,Απομακρυσμένα,Αθήνα,Stuttgart ,11 - 50,Όχι,Bachelor's,Ναι,57899
5/12/2022 1:18:47,"Backend, Frontend, DevOps","Python, JavaScript, Bash",6,Ναι,Άντρας,Απομακρυσμένα,Αθήνα,Αθήνα,501+,Ναι,Λύκειο,,24500
5/12/2022 1:37:26,"Backend, DevOps",Python,2,Ναι,Άντρας,Και τα δύο,Αθήνα,Αθήνα,1 - 10,Όχι,Master,Επιστήμη και Τεχνολογία Υλικών,9.922
5/12/2022 1:44:13,Infrastructure,"Java, Python, Kotlin, Ruby, Bash",15,Όχι,Άντρας,Και τα δύο,San Francisco,Cupertino,501+,Όχι,Bachelor's,Ναι,545000
5/12/2022 2:02:47,Frontend,"JavaScript, Swift",1,Ναι,Άντρας,Απομακρυσμένα,Αθήνα,Αθήνα,101 - 200,Όχι,Master,Ναι,16000
5/12/2022 8:25:28,Backend,Go,16,Όχι,Άντρας,Απομακρυσμένα,Αθήνα,Αθήνα,501+,Όχι,Master,Ναι,55000
5/12/2022 9:47:24,Backend,Java,12,Όχι,Άντρας,Και τα δύο,Αθήνα,Αθήνα,201 - 500,Όχι,Master,Ναι,56906
5/12/2022 9:55:15,"Backend, Frontend, DevOps","Java, JavaScript",15,Ναι,Άντρας,Και τα δύο,Αθήνα,,201 - 500,Ναι,Master,Ναι,35000
5/12/2022 10:16:22,Backend,"C#, JavaScript",5,Όχι,Άντρας,Και τα δύο,Αθήνα,Αθήνα,501+,Όχι,Master,Αρχιτεκτονική,14000
5/12/2022 10:58:25,"Backend, Frontend, DevOps","Java, JavaScript",5,Ναι,Άντρας,Και τα δύο,Αθήνα,Αθήνα,201 - 500,Όχι,Bachelor's,Ναι,24555
5/12/2022 11:01:31,Backend,Ruby,15,Όχι,Άντρας,Απομακρυσμένα,Amsterdam,Berlin,201 - 500,Ναι,Bachelor's,Ναι,110000
5/12/2022 11:13:34,"Backend, Frontend","Java, JavaScript, Groovy",9,Όχι,Άντρας,Απομακρυσμένα,Αθήνα,Αθήνα,201 - 500,Όχι,Master,Ναι,22000
5/12/2022 11:24:55,"Backend, Frontend","JavaScript, Go",3,Ναι,Άντρας,Απομακρυσμένα,Καλαμάτα,Καλαμάτα,11 - 50,Ναι,Bachelor's,Ναι,23000
5/12/2022 11:40:29,"Backend, Frontend","Python, JavaScript, Go",3,Ναι,Άντρας,Και τα δύο,Ηράκλειο,Ηράκλειο,11 - 50,Όχι,Λύκειο,,11186
5/12/2022 12:00:30,Backend,Java,5,Όχι,Γυναίκα,Και τα δύο,Αθήνα,Αθήνα,501+,Ναι,Master,Ναι,21500
5/12/2022 12:04:56,Backend,"C#, JavaScript, sql",2,Όχι,Άντρας,Και τα δύο,Αθήνα,Αθήνα,101 - 200,Όχι,Bachelor's,Ναι,15400
5/12/2022 12:26:44,Backend,C#,5,Ναι,Άντρας,Και τα δύο,Αθήνα,Αθήνα,11 - 50,Όχι,Bachelor's,Ναι,19600
5/12/2022 12:48:50,"Backend, Frontend, DevOps",JavaScript,4,Ναι,Άντρας,Απομακρυσμένα,Αθήνα,Αθήνα,501+,Ναι,Master,Χημικός Μηχανικός,27000
5/12/2022 15:01:19,Cybersecurity,Python,3,Ναι,Άντρας,Και τα δύο,Copenhagen,Copenhagen,501+,Όχι,Master,Ναι,50000
5/12/2022 16:44:27,AI / ML,Python,3,Ναι,Άντρας,Απομακρυσμένα,Αθήνα,Αθήνα,101 - 200,Όχι,PhD,Μαθηματικό,21000
5/12/2022 16:54:22,Backend,Java,10,Όχι,Άντρας,Απομακρυσμένα,Θεσσαλονίκη,London,201 - 500,Ναι,Bachelor's,Ναι,30000
5/12/2022 16:55:09,Frontend,JavaScript,2,Ναι,Άντρας,Και τα δύο,Αθήνα,Αθήνα,201 - 500,Όχι,Bachelor's,Ναι,14000
5/12/2022 17:14:45,Backend,Java,16,Ναι,Άντρας,Και τα δύο,Αθήνα,Αθήνα,201 - 500,Ναι,Master,Ναι,100000
5/12/2022 18:24:38,Gaming,C++,4,Ναι,Γυναίκα,Απομακρυσμένα,Πάτρα,Nottingham,201 - 500,Όχι,Λύκειο,,45000
5/12/2022 19:23:36,Backend,Java,1,Ναι,Άντρας,Απομακρυσμένα,Αθήνα,Αθήνα,201 - 500,Όχι,Bachelor's,Ναι,11500
5/12/2022 21:45:54,"Backend, Desktop apps",C#,3,Όχι,Άντρας,Και τα δύο,Θεσσαλονίκη,Θεσσαλονίκη,501+,Όχι,Bachelor's,Ναι,19500
5/13/2022 10:22:39,DevOps,"C, Python, Bash",1,Όχι,Άντρας,Απομακρυσμένα,Αμαλιάδα,Αθήνα,11 - 50,Όχι,Bachelor's,Business Administration,22500
5/13/2022 12:52:48,"Backend, Frontend","Python, JavaScript, Go",7,Ναι,Άντρας,Απομακρυσμένα,Αθήνα,Αθήνα,101 - 200,Όχι,Master,Ναι,51000
5/13/2022 13:05:52,"Backend, Frontend","JavaScript, PHP",12,Όχι,Άντρας,Στον χώρο του εργοδότη,Αθήνα,Αθήνα,1 - 10,Ναι,Master,Ναι,19400
5/13/2022 17:01:24,"Frontend, Mobile apps",JavaScript,7,Όχι,Άντρας,Και τα δύο,Αθήνα,Αθήνα,11 - 50,Ναι,Λύκειο,,21800
5/13/2022 18:09:59,Frontend,JavaScript,5,Ναι,Άντρας,Και τα δύο,Θεσσαλονίκη,Θεσσαλονίκη,501+,Όχι,Master,Ναι,29560
5/13/2022 19:00:57,"Backend, Frontend",Java,3,Ναι,Άντρας,Και τα δύο,Αθήνα,Αθήνα,501+,Όχι,Master,Ναι,18205
5/13/2022 19:06:10,Frontend,JavaScript,6,Ναι,Άντρας,Απομακρυσμένα,Αθήνα,Αθήνα,101 - 200,Όχι,Bachelor's,Ναι,19600
5/13/2022 19:19:39,Backend,PHP,2,Ναι,Άντρας,Και τα δύο,Θεσσαλονίκη,Θεσσαλονίκη,11 - 50,Όχι,Bachelor's,είμαι ακόμα φοιτητής,11200
5/13/2022 20:48:02,Backend,Java,1,Ναι,Άντρας,Απομακρυσμένα,Πρέβεζα,Αθήνα,201 - 500,Όχι,Bachelor's,Φυσική,15400
5/13/2022 23:22:05,Frontend,"TypeScript, React",2,Ναι,Άντρας,Και τα δύο,Αθήνα,Αθήνα,201 - 500,Όχι,Λύκειο,,20010
5/14/2022 0:25:35,"Backend, Frontend",JavaScript,9,Όχι,Άντρας,Απομακρυσμένα,Αθήνα,London,51 - 100,Ναι,ΙΕΚ,Ναι,40000
5/14/2022 0:43:47,Backend,Java,3,Όχι,Άντρας,Και τα δύο,Πάτρα,Πάτρα,501+,Όχι,Master,Ναι,11900
5/15/2022 0:28:13,Frontend,JavaScript,6,Ναι,Άντρας,Απομακρυσμένα,Αθήνα,Αθήνα,51 - 100,Ναι,Bachelor's,Ηλεκτρολόγος Μηχανικός,25200
5/15/2022 0:34:58,Data Engineering,"Python, Bash, SQL",5,Ναι,Άντρας,Απομακρυσμένα,Αθήνα,Αθήνα,51 - 100,Όχι,Master,Ναι,35000
5/15/2022 13:48:59,QA,Java,1,Όχι,Άντρας,Και τα δύο,Αθήνα,Αθήνα,51 - 100,Όχι,Bachelor's,Ναι,11200
5/15/2022 17:14:15,"Backend, Frontend",JavaScript,2,Όχι,Άντρας,Απομακρυσμένα,Θεσσαλονίκη,Θεσσαλονίκη,501+,Ναι,Bachelor's,Ναι,15000
5/15/2022 18:23:52,Backend,Java,2,Όχι,Άντρας,Απομακρυσμένα,Αθήνα,Αθήνα,501+,Ναι,Bachelor's,Ναι,18500
5/15/2022 19:57:01,Big data,"Python, Scala",1,Όχι,Άντρας,Και τα δύο,Αθήνα,Αθήνα,101 - 200,Όχι,Λύκειο,,11800
5/16/2022 9:55:36,"Backend, Frontend","JavaScript, PHP",10,Όχι,Άντρας,Απομακρυσμένα,Αθήνα,Αθήνα,11 - 50,Όχι,Bachelor's,Ναι,25200
5/16/2022 10:29:07,Frontend,"Java, C#, JavaScript",5,Όχι,Γυναίκα,Στον χώρο του εργοδότη,Αθήνα,Αθήνα,1 - 10,Όχι,Bachelor's,Ναι,14000
5/16/2022 12:03:25,"Backend, Frontend","JavaScript, PHP",8,Ναι,Άντρας,Απομακρυσμένα,Πάτρα,Copenhagen,201 - 500,Ναι,Bachelor's,Διοίκηση επιχειρήσεων,40000
5/16/2022 12:05:02,Cybersecurity,"C, C#, Python, Bash, Asm",5,Ναι,Άντρας,Και τα δύο,Αθήνα,Kuala Lumpur,201 - 500,Όχι,Master,Ναι,60000
5/16/2022 12:05:20,"Backend, Frontend","JavaScript, PHP, TypeScript",3,Ναι,Άντρας,Απομακρυσμένα,Θεσσαλονίκη,Nottingham,51 - 100,Όχι,Bachelor's,Ναι,36000
5/16/2022 12:22:25,Backend,Java,6,Όχι,Άντρας,Απομακρυσμένα,Αθήνα,Αθήνα,11 - 50,Όχι,Bachelor's,Ναι,19938
5/16/2022 12:23:40,"Backend, Frontend, Mobile apps, Desktop apps","C#, JavaScript",4,Ναι,Άντρας,Και τα δύο,Αθήνα,Αθήνα,51 - 100,Όχι,Bachelor's,Ναι,21000
5/16/2022 12:38:58,"Backend, Frontend, Gaming","C#, JavaScript, Typescript, PostgreSQL",3,Ναι,Άντρας,Απομακρυσμένα,Ρόδος,Madrid,51 - 100,Όχι,Master,Ναι,17800
5/16/2022 12:46:10,Frontend,"JavaScript, PHP, Drupal(twig template)",1,Όχι,Άντρας,Και τα δύο,Τρικαλα,Λαρισα,1 - 10,Όχι,Bachelor's,Ναι,7200
5/16/2022 12:52:26,"Backend, Data science",Python,2,Όχι,Άντρας,Απομακρυσμένα,Αθήνα,Remote για US,101 - 200,Όχι,Bachelor's,Ναι,50
5/16/2022 12:54:13,Backend,C#,5,Ναι,Άντρας,Απομακρυσμένα,Αθήνα,Αθήνα,11 - 50,Ναι,Bachelor's,Ναι,17920
5/16/2022 12:55:49,Λίγο απ όλα,"JavaScript, PHP",2,Ναι,Άντρας,Απομακρυσμένα,Πάτρα,Πάτρα,11 - 50,Όχι,Bachelor's,Μαθηματικό σπούδασα και διάλεξα κατεύθυνση Πληροφορική,14000
5/16/2022 13:00:16,Gaming,C#,6,Όχι,Άντρας,Απομακρυσμένα,Αθήνα,Αθήνα,1 - 10,Όχι,Λύκειο,,18200
5/16/2022 13:02:30,Backend,"Java, JavaScript",7,Όχι,Άντρας,Και τα δύο,Αθήνα,Αθήνα,11 - 50,Ναι,Bachelor's,Ναι,26790
5/16/2022 13:09:16,"Backend, Frontend","JavaScript, PHP",3,Όχι,Άντρας,Απομακρυσμένα,Θεσσαλονίκη,Θεσσαλονίκη,11 - 50,Όχι,Bachelor's,Ναι,1200
5/16/2022 13:23:37,Backend,"Python, Ruby, Go",14,Ναι,Άντρας,Απομακρυσμένα,Αθήνα,Paris,201 - 500,Όχι,Master,Ναι,80000
5/16/2022 13:27:33,AI / ML,Python,1,Ναι,Άντρας,Στον χώρο του εργοδότη,Αθήνα,Αθήνα,11 - 50,Όχι,Bachelor's,Ναι,8655
5/16/2022 14:41:13,Backend,Java,1,Όχι,Άντρας,Και τα δύο,Αθήνα,Αθήνα,201 - 500,Όχι,Bachelor's,Ναι,13.16
5/16/2022 14:54:02,Frontend,JavaScript,1,Ναι,Άντρας,Και τα δύο,Ηράκλειο,Ηράκλειο,51 - 100,Όχι,Bachelor's,Ναι,18200
5/16/2022 15:08:15,Backend,Python,5,Ναι,Άντρας,Απομακρυσμένα,Αθήνα,London,11 - 50,Όχι,Bachelor's,Ναι,24600
5/16/2022 15:54:07,Backend,Python,1,Ναι,Άντρας,Απομακρυσμένα,Βόλος,Paris,1 - 10,Όχι,Bachelor's,Ναι,9600
5/16/2022 16:04:50,Backend,Java,2,Όχι,Άντρας,Απομακρυσμένα,Πάτρα,Αθήνα,11 - 50,Όχι,Master,Ναι,22036
5/16/2022 16:53:13,AI / ML,Python,1,Ναι,Άντρας,Και τα δύο,Θεσσαλονίκη,Θεσσαλονίκη,51 - 100,Όχι,Bachelor's,Ναι,12600
5/16/2022 17:19:18,Backend,C#,4,Όχι,Άντρας,Και τα δύο,Αθήνα,Αθήνα,501+,Όχι,Master,Ναι,20150
5/16/2022 17:24:36,Backend,"Java, Python, Bash, Groovy",1,Όχι,Άντρας,Και τα δύο,Αθήνα,Αθήνα,201 - 500,Όχι,Bachelor's,Ναι,16025
5/16/2022 18:11:26,"Backend, Frontend","JavaScript, Typescript",5,Όχι,Άντρας,Και τα δύο,Αθήνα,,1 - 10,Όχι,Bachelor's,Ναι,29500
5/16/2022 18:37:56,"Backend, Frontend","JavaScript, PHP",6,Ναι,Άντρας,Και τα δύο,Αθήνα,Αθήνα,101 - 200,Όχι,Λύκειο,,21000
5/16/2022 19:05:48,Backend,Java,1,Όχι,Άντρας,Και τα δύο,Αθήνα,Αθήνα,201 - 500,Όχι,Bachelor's,Ναι,14196
5/16/2022 19:15:20,"Desktop apps, Gaming, Unity (VR)",C#,3,Όχι,Άντρας,Στον χώρο του εργοδότη,Αθήνα,Αθήνα,1 - 10,Όχι,Bachelor's,Ναι,16400
5/16/2022 19:19:13,"Backend, Data Engineering","Java, Python, Scala",4,Όχι,Άντρας,Στον χώρο του εργοδότη,Αθήνα,,51 - 100,Ναι,Bachelor's,Ναι,22000
5/16/2022 19:30:50,"Backend, DevOps","Java, C++, Python, Bash",3,Όχι,Άντρας,Και τα δύο,London,London,11 - 50,Όχι,Bachelor's,Ναι,62300
5/16/2022 19:53:18,Backend,Java,4,Ναι,Άντρας,Και τα δύο,Αθήνα,Αθήνα,501+,Όχι,Bachelor's,Ναι,18620
5/16/2022 19:58:19,Frontend,JavaScript,5,Όχι,Γυναίκα,Και τα δύο,Αθήνα,Αθήνα,51 - 100,Όχι,Bachelor's,Ναι,1400
5/16/2022 20:19:16,Gaming,C#,2,Όχι,Άντρας,Και τα δύο,Λεμεσός,Λεμεσός,11 - 50,Όχι,Bachelor's,Ναι,44400
5/16/2022 20:27:19,Desktop apps,C#,3,Ναι,Άντρας,Και τα δύο,Αθήνα,Αθήνα,501+,Όχι,Master,Ναι,24000
5/16/2022 20:55:32,Embedded,"Java, C, C++, C#, Python",5,Ναι,Άντρας,Στον χώρο του εργοδότη,Αθήνα,Αθήνα,51 - 100,Όχι,Bachelor's,Ναι,26600
5/16/2022 21:39:44,Backend,C#,1,Όχι,Άντρας,Απομακρυσμένα,Αθήνα,Αθήνα,501+,Όχι,Λύκειο,,11760
5/16/2022 22:03:37,Frontend,JavaScript,8,Όχι,Άντρας,Απομακρυσμένα,localhost,localhost,501+,Ναι,Bachelor's,Ναι,50000
5/16/2022 22:05:15,Backend,Java,1,Όχι,Άντρας,Στον χώρο του εργοδότη,Δράμα,Δράμα,1 - 10,Όχι,Bachelor's,Ναι,7200
5/16/2022 22:20:34,"Frontend, Web Design",JavaScript,4,Όχι,Άντρας,Και τα δύο,Θεσσαλονίκη,Θεσσαλονίκη,11 - 50,Όχι,Bachelor's,Ναι,9048
5/16/2022 22:32:58,Backend,Java,1,Όχι,Άντρας,Και τα δύο,Αθήνα,Αθήνα,201 - 500,Όχι,Bachelor's,Τεχνολογία Τροφίμων,16942
5/16/2022 23:17:19,"Backend, DevOps",Java,1,Όχι,Άντρας,Απομακρυσμένα,Χαλκιδα,Franfurt,501+,Όχι,Master,Ναι,30000
5/16/2022 23:26:25,Backend,Java,9,Όχι,Άντρας,Και τα δύο,Αθήνα,Αθήνα,101 - 200,Όχι,Bachelor's,Ναι,20400
5/16/2022 23:51:50,"Backend, Frontend, DevOps, Desktop apps",JavaScript,3,Ναι,Άντρας,Και τα δύο,London,London,1 - 10,Ναι,Λύκειο,,26000
5/17/2022 1:41:56,Backend,C#,2,Όχι,Άντρας,Απομακρυσμένα,Glasgow,Glasgow,501+,Όχι,Master,Ναι,36303
5/17/2022 7:56:34,Backend,Python,1,Ναι,Άντρας,Στον χώρο του εργοδότη,Αθήνα,Αθήνα,11 - 50,Όχι,Master,Πολιτικός μηχανικός - Master πληροφορική ,12000
5/17/2022 8:42:54,Frontend,JavaScript,5,Όχι,Άντρας,Στον χώρο του εργοδότη,Αθήνα,Αθήνα,11 - 50,Όχι,ΙΕΚ,Ναι,14700
5/17/2022 8:46:55,Backend,"JavaScript, PHP",1,Όχι,Άντρας,Απομακρυσμένα,Χαλκιδα,Αθήνα,101 - 200,Όχι,Bachelor's,Ναι,15400
5/17/2022 8:54:09,Mobile apps,"Java, Kotlin",13,Όχι,Άντρας,Και τα δύο,Αθήνα,Αθήνα,501+,Όχι,Master,Ναι,30800
5/17/2022 9:39:28,"Backend, Frontend","Python, JavaScript, PHP, Go",3,Ναι,Άντρας,Απομακρυσμένα,Κέρκυρα,Λεμεσό (Κύπρος),101 - 200,Ναι,Master,Ναι,32548.43
5/17/2022 9:44:47,Backend,Java,4,Όχι,Άντρας,Απομακρυσμένα,Αθήνα,Αθήνα,101 - 200,Όχι,Bachelor's,Ναι,32200
5/17/2022 9:59:11,BI,"Python, Bash, SQL",2,Ναι,Άντρας,Απομακρυσμένα,Πάτρα,Αθήνα,11 - 50,Όχι,Master,Μηχανολόγων & Αεροναυπηγών Μηχανικών,28380
5/17/2022 11:11:06,Frontend,JavaScript,1,Ναι,Άντρας,Στον χώρο του εργοδότη,Αθήνα,Αθήνα,11 - 50,Όχι,Bachelor's,Ναι,14000
5/17/2022 12:31:20,AI / ML,Python,2,Ναι,Άντρας,Και τα δύο,Θεσσαλονίκη,Θεσσαλονίκη,501+,Όχι,Master,Ναι,15000
5/17/2022 13:22:24,"Backend, AI / ML",Python,1,Ναι,Άντρας,Απομακρυσμένα,Αμαλιάδα,Αθήνα,101 - 200,Όχι,Bachelor's,Ναι,15400
5/17/2022 14:11:23,Frontend,JavaScript,1,Όχι,Άντρας,Και τα δύο,Αθήνα,Αθήνα,501+,Όχι,Bachelor's,Ναι,11924
5/17/2022 14:27:25,Test automation,Java,2,Όχι,Άντρας,Στον χώρο του εργοδότη,Πάτρα,Πάτρα,501+,Όχι,Bachelor's,Mathematics,14000
5/17/2022 14:55:07,Backend,PHP,14,Ναι,Άντρας,Απομακρυσμένα,Θεσσαλονίκη,Θεσσαλονίκη,1 - 10,Όχι,Bachelor's,Ναι,10000
5/17/2022 14:57:19,Frontend,typescript angular,7,Ναι,Άντρας,Απομακρυσμένα,Αθήνα,Αθήνα,1 - 10,Ναι,Bachelor's,Ναι,27000
5/17/2022 15:35:24,Backend,"Python, JavaScript",8,Όχι,Άντρας,Και τα δύο,Αθήνα,Αθήνα,1 - 10,Όχι,Bachelor's,Ναι,32324
5/17/2022 15:55:00,BI,Python,2,Όχι,Άντρας,Απομακρυσμένα,Αθήνα,Αθήνα,101 - 200,Όχι,Master,Ναι,15400
5/17/2022 16:20:32,Frontend,JavaScript,2,Όχι,Άντρας,Απομακρυσμένα,Αθήνα,Αθήνα,201 - 500,Όχι,Χωρίς Δευτεροβάθμια Εκπαίδευση,,10800
5/17/2022 17:14:44,"Backend, Frontend",JavaScript,1,Όχι,Άντρας,Και τα δύο,Αθήνα,,201 - 500,Όχι,Bachelor's,Ναι,14200
5/17/2022 17:15:44,"Backend, Frontend",Java,3,Όχι,Άντρας,Και τα δύο,Αθήνα,Αθήνα,201 - 500,Όχι,Master,Ναι,15500
5/17/2022 17:56:30,"Backend, Frontend, Desktop apps","JavaScript, VB.NET",18,Όχι,Άντρας,Και τα δύο,Αθήνα,Αθήνα,11 - 50,Ναι,Master,Ναι,25.2
5/17/2022 18:19:53,Backend,C#,13,Ναι,Γυναίκα,Απομακρυσμένα,Αθήνα,Αθήνα,501+,Ναι,Master,Ναι,30800
5/17/2022 18:26:49,"Backend, Frontend, WordPress","JavaScript, PHP",3,Όχι,Άντρας,Απομακρυσμένα,Θεσσαλονίκη,Θεσσαλονίκη,1 - 10,Ναι,Bachelor's,Ναι,18200
5/17/2022 19:39:18,Embedded,"C, Bash",3,Όχι,Άντρας,Και τα δύο,Θεσσαλονίκη,Θεσσαλονίκη,11 - 50,Όχι,Bachelor's,Ηλεκτρονικός μηχανικός,16800
5/17/2022 20:03:17,Frontend,JavaScript,2,Ναι,Άντρας,Και τα δύο,Αθήνα,Αθήνα,201 - 500,Όχι,Bachelor's,Βιομηχανική Διοίκηση,15120
5/17/2022 20:59:37,Data engineer ,"Python, JavaScript, Bash",2,Όχι,Άντρας,Και τα δύο,Αθήνα,Αθήνα,51 - 100,Όχι,Bachelor's,Mathematics ,14600
5/17/2022 23:04:14,"Backend, Frontend, DevOps","C#, JavaScript",1,Όχι,Άντρας,Στον χώρο του εργοδότη,Αθήνα,Αθήνα,1 - 10,Όχι,Bachelor's,Ναι,16800
5/18/2022 7:36:43,DevOps,"Go, Bash",10,Όχι,Άντρας,Απομακρυσμένα,Πάτρα,Πάτρα,501+,Ναι,Master,Ναι,50000
5/18/2022 8:02:44,"Backend, Frontend","C#, JavaScript",2,Όχι,Άντρας,Απομακρυσμένα,Αθήνα,Αθήνα,101 - 200,Όχι,Bachelor's,ΟΙΚΟΝΟΜΙΚΉ ΚΑΙ ΠΕΡΙΦΕΡΕΙΑΚΗ ΑΝΆΠΤΥΞΗ ,15120
5/18/2022 9:17:53,"Backend, Frontend","JavaScript, PHP",4,Ναι,Άντρας,Και τα δύο,Αθήνα,Αθήνα,201 - 500,Ναι,Bachelor's,Ναι,18680
5/18/2022 10:46:55,"Backend, Frontend","Python, JavaScript, Typescript",1,Ναι,Άντρας,Στον χώρο του εργοδότη,Θεσσαλονίκη,,501+,Όχι,Bachelor's,Ναι,8400
5/18/2022 11:09:02,Frontend,JavaScript,1,Όχι,Άντρας,Απομακρυσμένα,Σχηματάρι,Αθήνα,201 - 500,Όχι,Bachelor's,Ναι,13500
5/18/2022 11:59:29,Frontend,JavaScript,1,Όχι,Άντρας,Και τα δύο,Αθήνα,Αθήνα,501+,Όχι,Bachelor's,Ναι,11500
5/18/2022 12:06:56,Backend,Java,7,Όχι,Άντρας,Και τα δύο,Αθήνα,Αθήνα,201 - 500,Όχι,Master,Ναι,25800
5/18/2022 12:54:50,ERP systems,ABAP,5,Όχι,Άντρας,Απομακρυσμένα,Αθήνα,Αθήνα,201 - 500,Όχι,Master,Ναι,15400
5/18/2022 13:13:46,Frontend,JavaScript,1,Όχι,Άντρας,Απομακρυσμένα,Χανιά,Αθήνα,501+,Όχι,Bachelor's,Ναι,12600
5/18/2022 13:20:47,Backend,JavaScript,4,Όχι,Άντρας,Απομακρυσμένα,Θεσσαλονίκη,Θεσσαλονίκη,11 - 50,Ναι,Master,Ναι,1450
5/18/2022 14:11:45,"Backend, Frontend","JavaScript, PHP",1,Ναι,Άντρας,Απομακρυσμένα,Αρχαία Πισα,Κως,11 - 50,Όχι,Bachelor's,Ναι,11900
5/18/2022 14:22:36,Frontend,JavaScript,7,Ναι,Άντρας,Απομακρυσμένα,Αθήνα,Αθήνα,51 - 100,Ναι,Master,Μεταπτυχιακο ναι,24000
5/18/2022 14:58:52,Frontend,JavaScript,1,Ναι,Άντρας,Απομακρυσμένα,Αθήνα,Αθήνα,201 - 500,Όχι,Bachelor's,Ναι,14000
5/18/2022 15:16:14,Frontend,JavaScript,1,Ναι,Άντρας,Απομακρυσμένα,Θεσσαλονίκη,Αθήνα,201 - 500,Όχι,Bachelor's,Ναι,23000
5/18/2022 15:19:24,"Backend, Frontend",JavaScript,5,Ναι,Άντρας,Και τα δύο,Αθήνα,Αθήνα,51 - 100,Όχι,Bachelor's,Ναι,21000
5/18/2022 15:30:23,Backend,PL/SQL,25,Όχι,Άντρας,Και τα δύο,Αθήνα,Αθήνα,501+,Όχι,Bachelor's,Ηλεκτρολόγος,24000
5/18/2022 16:00:59,Backend,PHP,9,Όχι,Άντρας,Και τα δύο,Zurich,Zurich,201 - 500,Όχι,Master,Ναι,67000
5/18/2022 17:08:35,"Backend, BI",Bash,1,Όχι,Άντρας,Και τα δύο,Θεσσαλονίκη,Θεσσαλονίκη,51 - 100,Όχι,Bachelor's,Ναι,12000
5/18/2022 17:11:07,Backend,Java,1,Ναι,Άντρας,Και τα δύο,Αθήνα,Αθήνα,501+,Όχι,Bachelor's,Ναι,13300
5/18/2022 18:03:05,Backend,JavaScript,2,Ναι,Άντρας,Και τα δύο,Αθήνα,Αθήνα,101 - 200,Όχι,Bachelor's,Ναι,14000
5/18/2022 18:07:01,Backend,C#,1,Ναι,Άντρας,Και τα δύο,Αθήνα,Αθήνα,201 - 500,Όχι,Λύκειο,,1000
5/18/2022 19:04:09,Cybersecurity,JavaScript,1,Όχι,Άντρας,Και τα δύο,Zurich,,501+,Όχι,Bachelor's,Ναι,95000
5/18/2022 20:26:30,Desktop apps,Delphi,1,Ναι,Άντρας,Και τα δύο,Βέροια,Βέροια,11 - 50,Όχι,Bachelor's,Ναι,800
5/18/2022 21:08:09,"Backend, Frontend","JavaScript, PHP",2,Ναι,Άντρας,Στον χώρο του εργοδότη,Αθήνα,Αθήνα,1 - 10,Ναι,Bachelor's,Ναι,1200
5/18/2022 21:13:49,Backend,PHP,5,Ναι,Άντρας,Στον χώρο του εργοδότη,Αθήνα,Αθήνα,1 - 10,Όχι,Bachelor's,Ναι,1100
5/18/2022 21:47:21,"Frontend, Desktop apps","JavaScript, PHP, Ruby",2,Ναι,Άντρας,Απομακρυσμένα,Δράμα,Δράμα,1 - 10,Όχι,Bachelor's,Ναι,30000
5/18/2022 22:25:52,"Backend, Frontend","C#, JavaScript",1,Ναι,Γυναίκα,Και τα δύο,Αθήνα,Αθήνα,201 - 500,Όχι,Master,Ναι,18000
5/18/2022 22:42:30,QA ENGINEER,JavaScript,3,Ναι,Άντρας,Απομακρυσμένα,Αθήνα,Αθήνα,501+,Όχι,Bachelor's,Ναι,13330
5/18/2022 22:55:55,Backend,"C++, Python, Go, Bash",8,Όχι,Συκής :),Και τα δύο,Αθήνα,Αθήνα,501+,Όχι,Bachelor's,Ναι,21000
5/19/2022 0:22:19,"Backend, Frontend","C#, JavaScript",10,Ναι,Άντρας,Απομακρυσμένα,Αθήνα,Αθήνα,501+,Όχι,Bachelor's,Ναι,24000
5/19/2022 1:05:30,"Backend, BI","Python, PHP, Bash",18,Ναι,Άντρας,Απομακρυσμένα,Αθήνα,Αθήνα,101 - 200,Όχι,Bachelor's,Ναι,25200
5/19/2022 7:43:59,Frontend,JavaScript,1,Όχι,Άντρας,Και τα δύο,Χαλκίδα,Αθήνα,1 - 10,Όχι,Master,Ναι,15400
5/19/2022 9:47:40,Backend,Oracle ,22,Όχι,Γυναίκα,Και τα δύο,Αθήνα,Αθήνα,11 - 50,Όχι,ΙΕΚ,Ναι,4300
5/19/2022 10:01:15,"Backend, Frontend",JavaScript,1,Όχι,Άντρας,Και τα δύο,Αθήνα,Αθήνα,51 - 100,Όχι,Bachelor's,Ναι,11200
5/19/2022 11:08:12,"Desktop apps, ERP development",Delphi,1,Ναι,Άντρας,Απομακρυσμένα,Ηράκλειο,Βέροια,11 - 50,Όχι,Bachelor's,Ναι,10500
5/19/2022 14:05:40,AI / ML,"C#, Python",1,Όχι,Άντρας,Στον χώρο του εργοδότη,Θεσσαλονίκη,Θεσσαλονίκη,501+,Όχι,Master,Ναι,15000
5/19/2022 14:07:51,"AI / ML, BI",Python,1,Ναι,Άντρας,Στον χώρο του εργοδότη,Αθήνα,Αθήνα,101 - 200,Όχι,Master,Μαθηματικό,15000
5/19/2022 14:18:02,"Backend, Frontend","JavaScript, PHP",4,Όχι,Άντρας,Και τα δύο,Αθήνα,Αθήνα,11 - 50,Ναι,Bachelor's,Ναι,16800
5/19/2022 14:44:59,Frontend,"JavaScript, PHP",5,Ναι,Άντρας,Στον χώρο του εργοδότη,Αθήνα,,11 - 50,Ναι,Master,Ναι,15400
5/19/2022 15:45:54,"Backend, Frontend, AI / ML","Python, JavaScript",6,Όχι,Άντρας,Στον χώρο του εργοδότη,Θεσσαλονίκη,Θεσσαλονίκη,501+,Όχι,Master,Ναι,19832
5/19/2022 16:17:03,Backend,PHP,2,Ναι,Άντρας,Στον χώρο του εργοδότη,Αθήνα,Αθήνα,1 - 10,Όχι,Bachelor's,Ναι,14000
5/19/2022 21:08:35,Frontend,JavaScript,4,Όχι,Άντρας,Απομακρυσμένα,Αθήνα,Αθήνα,201 - 500,Όχι,ΙΕΚ,Ναι,23000
5/19/2022 22:24:22,Backend,Java,1,Όχι,Άντρας,Στον χώρο του εργοδότη,Ηράκλειο,Ηράκλειο,501+,Όχι,Master,Ναι,13440
5/19/2022 23:24:53,AR developer ,"C++, C#, Python",1,Όχι,Άντρας,Και τα δύο,Πάτρα,Πάτρα,11 - 50,Όχι,Bachelor's,Ναι,15000
5/19/2022 23:54:51,"Backend, Frontend, Mobile apps, Desktop apps","C#, JavaScript, Kotlin",4,Όχι,Άντρας,Στον χώρο του εργοδότη,Αθήνα,Αθήνα,101 - 200,Όχι,Master,Ναι,25200
5/20/2022 0:25:11,Backend,C#,4,Όχι,Άντρας,Απομακρυσμένα,Θεσσαλονίκη,Θεσσαλονίκη,501+,Όχι,Master,Ναι,22.5
5/20/2022 0:35:41,Mobile apps,Kotlin,6,Όχι,Άντρας,Απομακρυσμένα,Θεσσαλονίκη,Θεσσαλονίκη,51 - 100,Όχι,Bachelor's,Ναι,60000
5/20/2022 10:20:51,Mobile apps,"Java, Kotlin",3,Ναι,Άντρας,Και τα δύο,Αθήνα,Αθήνα,201 - 500,Όχι,Bachelor's,Μηχανολόγος Μηχανικός,16800
5/20/2022 11:20:50,"Backend, Frontend","C#, JavaScript",1,Ναι,Άντρας,Στον χώρο του εργοδότη,Αθήνα,Αθήνα,51 - 100,Όχι,Λύκειο,,750
5/20/2022 12:06:07,Backend,PHP,11,Ναι,Άντρας,Απομακρυσμένα,Αθήνα,Αθήνα,11 - 50,Όχι,PhD,Ναι,18900
5/20/2022 12:23:29,Mobile apps,"Swift, Objective-C",5,Ναι,Γυναίκα,Απομακρυσμένα,Θεσσαλονίκη,Αθήνα,11 - 50,Όχι,Master,Ναι,10200
5/20/2022 14:20:51,"Backend, Frontend","JavaScript, PHP",3,Όχι,Άντρας,Απομακρυσμένα,Αθήνα,Frankfurt,1 - 10,Ναι,Λύκειο,,15784
5/20/2022 14:29:30,Backend,Java,7,Ναι,Άντρας,Απομακρυσμένα,Θεσσαλονίκη,Θεσσαλονίκη,201 - 500,Όχι,Master,Ναι,20000
5/20/2022 14:38:18,"Backend, Frontend","C#, JavaScript",1,Ναι,Άντρας,Και τα δύο,Αθήνα,,11 - 50,Όχι,Bachelor's,Ναι,9530
5/20/2022 14:43:57,DevOps,Python,7,Ναι,Άντρας,Και τα δύο,Αθήνα,Αθήνα,11 - 50,Όχι,Master,Ναι,22650
5/20/2022 16:17:21,Frontend,JavaScript,2,Όχι,Άντρας,Απομακρυσμένα,Αθήνα,Αθήνα,201 - 500,Όχι,Λύκειο,,14400
5/20/2022 16:21:12,Backend,Python,1,Όχι,Άντρας,Και τα δύο,Αθήνα,Αθήνα,201 - 500,Όχι,Bachelor's,Chemical Engineering,16352
5/20/2022 17:15:25,"Backend, Frontend","JavaScript, PHP",2,Ναι,Άντρας,Και τα δύο,Αθήνα,Αθήνα,201 - 500,Όχι,ΙΕΚ,Ναι,16000
5/20/2022 19:10:23,Blockchain,"JavaScript, Solidity",1,Όχι,Άντρας,Απομακρυσμένα, Επαρχία,London,101 - 200,Όχι,Bachelor's,Ναι,20000
5/20/2022 20:57:16,"Backend, SAP ERP",ABAP,1,Όχι,Άντρας,Και τα δύο,Αθήνα,Αθήνα,11 - 50,Όχι,Bachelor's,Ναι,11900
5/20/2022 21:04:16,"Backend, DevOps",JavaScript,1,Ναι,Άντρας,Απομακρυσμένα,Αθήνα,Αθήνα,1 - 10,Όχι,Master,Ναι,1800
5/20/2022 23:20:13,"Frontend, Desktop apps",C#,1,Όχι,Άντρας,Και τα δύο,Αθήνα,Αθήνα,11 - 50,Όχι,Master,Ναι,14000
5/21/2022 2:20:22,Frontend,JavaScript,2,Όχι,Άντρας,Απομακρυσμένα,Αθήνα,Αθήνα,1 - 10,Όχι,Bachelor's,Ναι,12370
5/21/2022 3:28:52,Tester,Robot,1,Όχι,Άντρας,Απομακρυσμένα,Αθήνα,Αθήνα,501+,Όχι,Λύκειο,,8120
5/21/2022 11:07:41,"Backend, Frontend, Fullstack software","C#, Python",1,Όχι,Άντρας,Απομακρυσμένα,Αθήνα,Αθήνα,11 - 50,Όχι,Master,Ναι,16030
5/21/2022 15:56:43,Backend,"Java, Bash, Tcl",1,Όχι,Άντρας,Απομακρυσμένα,Αθήνα,Αθήνα,501+,Όχι,Bachelor's,Ναι,14280
5/21/2022 16:23:17,Mobile apps,Swift,1,Ναι,Άντρας,Και τα δύο,Amsterdam,Amsterdam,51 - 100,Όχι,Bachelor's,Ναι,45500
5/21/2022 18:32:46,"Desktop apps, Cybersecurity","C, C++",3,Ναι,Άντρας,Απομακρυσμένα,Αθήνα,Αθήνα,11 - 50,Όχι,Λύκειο,,75000
5/21/2022 19:11:28,"Backend, Frontend",Java,1,Ναι,Άντρας,Απομακρυσμένα,Αθήνα,Αθήνα,101 - 200,Όχι,Bachelor's,Φυσικό,10987
5/21/2022 20:00:50,Frontend,"JavaScript, PHP, html, css",6,Ναι,Άντρας,Στον χώρο του εργοδότη,Αθήνα,Αθήνα,11 - 50,Όχι,Bachelor's,Ναι,16800
5/21/2022 20:56:11,"Frontend, Mobile apps","JavaScript, PHP, Flutter",5,Όχι,Άντρας,Και τα δύο,Αθήνα,,11 - 50,Ναι,Master,Ναι,19600
5/22/2022 0:21:50,Mobile apps,"Swift, Objective-C",4,Ναι,Άντρας,Απομακρυσμένα,Αθήνα,Αθήνα,101 - 200,Όχι,Bachelor's,Ναι,15200
5/22/2022 0:40:17,"Backend, Frontend",PHP,3,Όχι,Άντρας,Στον χώρο του εργοδότη,Αθήνα,Αθήνα,1 - 10,Ναι,Λύκειο,,13000
5/22/2022 2:25:39,Data Engineering,"Python, Scala",1,Όχι,Άντρας,Και τα δύο,Αθήνα,Αθήνα,101 - 200,Όχι,Master,Ναι,16100
5/22/2022 3:18:43,RPA,"Blue Prism, Power Automate, etc",6,Όχι,Άντρας,Και τα δύο,Αθήνα,Αθήνα,501+,Ναι,Master,Ναι,31206
5/22/2022 9:58:44,Data Engineer,"Python, PL-SQL",1,Ναι,Άντρας,Και τα δύο,Αθήνα,Αθήνα,501+,Όχι,Master,Οχι,11.452
5/22/2022 11:52:16,"Backend, Frontend","Python, JavaScript",1,Όχι,Άντρας,Στον χώρο του εργοδότη,Αθήνα,Αθήνα,11 - 50,Όχι,Bachelor's,Ναι,9800
5/22/2022 11:53:58,DevOps,PowerShell ,3,Όχι,Άντρας,Και τα δύο,Αθήνα,Αθήνα,501+,Όχι,Master,Ναι,23425
5/22/2022 12:38:59,Frontend,JavaScript,1,Όχι,Άντρας,Και τα δύο,Θεσσαλονίκη,Θεσσαλονίκη,201 - 500,Όχι,Λύκειο,,11414
5/22/2022 17:39:45,BI,"Python, DAX",1,Ναι,Άντρας,Απομακρυσμένα,Πάτρα,Αθήνα,501+,Όχι,Master,Physics (BS) / Business Analytics (MSc),14000
5/22/2022 21:20:41,AI / ML,Python,3,Ναι,Άντρας,Απομακρυσμένα,Θεσσαλονίκη,Αθήνα,501+,Ναι,Bachelor's,Ναι,40000
5/22/2022 22:22:29,"Backend, Frontend, DevOps",C#,2,Όχι,Άντρας,Απομακρυσμένα,Αθήνα,Αθήνα,11 - 50,Όχι,Master,Μηχανολόγος μηχανικός ,1080
5/22/2022 22:35:23,Mobile apps,Kotlin,1,Ναι,Άντρας,Και τα δύο,Αθήνα,Αθήνα,11 - 50,Όχι,Bachelor's,Ναι,11000
5/22/2022 23:13:42,Frontend,"JavaScript, PHP",1,Ναι,Άντρας,Απομακρυσμένα,Θεσσαλονίκη,Θεσσαλονίκη,1 - 10,Όχι,Λύκειο,,10000
5/23/2022 0:45:33,Backend,Scala,7,Ναι,Άντρας,Και τα δύο,Αθήνα,Αθήνα,51 - 100,Ναι,Bachelor's,Ναι,30531
5/24/2022 0:22:45,"Backend, Frontend","Python, JavaScript",2,Όχι,Άντρας,Και τα δύο,Πάτρα,Πάτρα,201 - 500,Όχι,Bachelor's,Ναι,16800
5/24/2022 9:37:32,"Backend, Frontend","JavaScript, Go",3,Ναι,Άντρας,Απομακρυσμένα,Αθήνα,Schaffhausen,11 - 50,Όχι,ΙΕΚ,Ναι,14644
5/24/2022 11:50:29,Backend,Java,3,Ναι,Άντρας,Απομακρυσμένα,Αθήνα,Αθήνα,201 - 500,Όχι,Bachelor's,Ναι,18556
5/25/2022 13:17:09,"Backend, DevOps, data science","Python, Bash",20,Ναι,Άντρας,Και τα δύο,London,Ada Oklahoma,201 - 500,Ναι,Master,Ναι,120000
5/25/2022 13:24:56,"Backend, Frontend","JavaScript, PL/SQL",1,Όχι,Γυναίκα,Και τα δύο,Αθήνα,Αθήνα,201 - 500,Ναι,Bachelor's,Ναι,11455
5/25/2022 13:37:47,Backend,PHP,3,Ναι,Άντρας,Και τα δύο,Αθήνα,Αθήνα,101 - 200,Όχι,Bachelor's,Ναι,24555
5/25/2022 13:46:57,Frontend,"JavaScript, PHP, Ruby",2,Ναι,Άντρας,Και τα δύο,Αθήνα,Αθήνα,11 - 50,Όχι,Bachelor's,Ναι,13700
5/25/2022 14:24:18,Frontend,JavaScript,1,Ναι,Άντρας,Απομακρυσμένα,Λευκάδα,Αθήνα,11 - 50,Ναι,Bachelor's,Ναι,12600
5/25/2022 14:31:21,AI / ML,Python,1,Ναι,Άντρας,Στον χώρο του εργοδότη,Άρτα,,11 - 50,Ναι,Bachelor's,Ναι,8400
5/25/2022 14:34:03,Backend,Java,3,Όχι,Άντρας,Απομακρυσμένα,Αθήνα,Αθήνα,201 - 500,Ναι,Master,Πολιτικος μηχανικος ΑΠΘ,1600
5/25/2022 14:36:57,Frontend,JavaScript,1,Όχι,Γυναίκα,Και τα δύο,Αθήνα,Αθήνα,11 - 50,Ναι,Bachelor's,Ναι,820
5/25/2022 15:16:04,"Backend, Frontend","C#, JavaScript",3,Ναι,Άντρας,Και τα δύο,Αθήνα,Αθήνα,101 - 200,Όχι,Λύκειο,,16.59
5/25/2022 15:56:46,Site Reliability Engineer ,"Python, Go, Bash",2,Όχι,Άντρας,Απομακρυσμένα,Αθήνα,Αθήνα,201 - 500,Όχι,Master,Ναι,22500
5/25/2022 15:57:23,"Backend, Frontend",C#,2,Όχι,Άντρας,Απομακρυσμένα,Θεσσαλονίκη,Θεσσαλονίκη,501+,Όχι,ΙΕΚ,Ναι,11.388
5/25/2022 15:57:38,"Backend, Frontend",C#,10,Ναι,Άντρας,Απομακρυσμένα,Θεσσαλονίκη,Θεσσαλονίκη,501+,Ναι,Master,Ναι,32497
5/25/2022 16:04:07,"Backend, Frontend","C#, JavaScript",6,Όχι,Γυναίκα,Απομακρυσμένα,Θεσσαλονίκη,Θεσσαλονίκη,501+,Όχι,Bachelor's,Ναι,21197
5/25/2022 16:11:20,"Backend, Frontend",C#,3,Όχι,Γυναίκα,Απομακρυσμένα,Αθήνα,Αθήνα,501+,Όχι,Master,Ναι,15400
5/25/2022 16:12:39,DevOps,Python,1,Όχι,Άντρας,Και τα δύο,Πάτρα,Πάτρα,501+,Όχι,Bachelor's,Ναι,21.5
5/25/2022 16:14:49,"Backend, Frontend, Mobile apps","C#, JavaScript",5,Όχι,Γυναίκα,Απομακρυσμένα,Αθήνα,Αθήνα,501+,Όχι,Bachelor's,Ναι,16000
5/25/2022 16:17:48,"Frontend, Desktop apps",JavaScript,2,Ναι,Άντρας,Και τα δύο,Αθήνα,Αθήνα,11 - 50,Όχι,Bachelor's,Μαθηματικός,10.64
5/25/2022 16:17:58,Backend,C#,2,Ναι,Άντρας,Απομακρυσμένα,Αθήνα,Αθήνα,501+,Όχι,Λύκειο,,20510
5/25/2022 16:29:51,"Backend, Frontend","Java, JavaScript",1,Ναι,Άντρας,Απομακρυσμένα,Αθήνα,Αθήνα,11 - 50,Όχι,Master,Ναι,1250
5/25/2022 16:40:59,Backend,PHP,10,Ναι,Άντρας,Απομακρυσμένα,Αθήνα,Copenhagen,11 - 50,Όχι,Master,Ναι,55000
5/25/2022 18:12:04,"Backend, Frontend, DevOps",C#,12,Ναι,Άντρας,Απομακρυσμένα,Θεσσαλονίκη,Θεσσαλονίκη,501+,Ναι,Master,Ναι,24584
5/25/2022 18:27:25,"Backend, DevOps","Java, Bash",2,Ναι,Άντρας,Και τα δύο,Αθήνα,Αθήνα,501+,Όχι,Master,Ναι,16500
5/25/2022 19:19:40,Backend,"Java, Bash",2,Όχι,Άντρας,Και τα δύο,Limassol ,Limassol,501+,Όχι,Bachelor's,Ναι,20500
5/25/2022 22:00:32,BI,"Python, SQL",1,Ναι,Άντρας,Και τα δύο,Αθήνα,Αθήνα,501+,Όχι,Bachelor's,Ναι,11900
5/26/2022 10:18:30,Frontend,"Java, JavaScript, AngularJS",5,Όχι,Γυναίκα,Και τα δύο,Αθήνα,Αθήνα,501+,Όχι,Bachelor's,Ναι,20300
5/26/2022 10:31:05,Backend,C#,5,Ναι,Άντρας,Και τα δύο,Αθήνα,Αθήνα,501+,Όχι,Master,Ναι,29000
5/26/2022 21:59:20,Frontend,JavaScript,4,Ναι,Άντρας,Και τα δύο,Αθήνα,Αθήνα,101 - 200,Όχι,Bachelor's,ΤΕΙ Αυτοματισμου,21700
5/28/2022 17:39:38,"Backend, DevOps","Java, Python",1,Ναι,Άντρας,Και τα δύο,Θεσσαλονίκη,Θεσσαλονίκη,101 - 200,Όχι,Bachelor's,Ναι,13500
5/28/2022 19:31:08,"Backend, Frontend","JavaScript, PHP",1,Ναι,Άντρας,Και τα δύο,Αθήνα,Αθήνα,11 - 50,Όχι,Bachelor's,Ναι,14000
5/29/2022 12:47:04,Backend,Java,1,Ναι,Άντρας,Στον χώρο του εργοδότη,Αθήνα,Αθήνα,11 - 50,Όχι,Master,Ναι,13300
5/29/2022 16:34:06,Embedded,"C, C++",1,Ναι,Άντρας,Στον χώρο του εργοδότη,Θεσσαλονίκη,Θεσσαλονίκη,101 - 200,Όχι,Bachelor's,Ναι,14000
5/29/2022 21:18:45,Frontend,JavaScript,9,Όχι,Άντρας,Απομακρυσμένα,Λάρισα,,11 - 50,Ναι,Master,Ναι,24920
5/30/2022 11:01:10,QA,"Java, Python",2,Όχι,Άντρας,Και τα δύο,Αθήνα,Αθήνα,501+,Όχι,Master,Ναι,19600
5/30/2022 12:30:23,Backend,Python,1,Ναι,Άντρας,Στον χώρο του εργοδότη,Θεσσαλονίκη,Θεσσαλονίκη,11 - 50,Όχι,Master,Ναι,13300
5/31/2022 0:12:18,"Backend, Frontend",JavaScript,3,Όχι,Άντρας,Απομακρυσμένα,Αθήνα,Αθήνα,11 - 50,Όχι,Λύκειο,,15400
5/31/2022 0:15:08,Gaming,C#,2,Ναι,Άντρας,Απομακρυσμένα,Αθήνα,Αθήνα,11 - 50,Ναι,Λύκειο,,10000
5/31/2022 0:17:43,"Frontend, Mobile apps",JavaScript,1,Όχι,Άντρας,Απομακρυσμένα,Αθήνα,Αθήνα,11 - 50,Όχι,Λύκειο,,11900
5/31/2022 9:45:53,"Backend, Frontend, Mobile apps","Java, JavaScript",9,Όχι,Άντρας,Απομακρυσμένα,Θεσσαλονίκη,Ludwigshaffen,11 - 50,Ναι,Bachelor's,Ναι,350000
5/31/2022 20:06:23,"Backend, Frontend","Java, JavaScript",3,Όχι,Άντρας,Και τα δύο,Αθήνα,Αθήνα,51 - 100,Όχι,Master,Ναι,15400
6/1/2022 8:58:18,BI,Python,3,Όχι,Άντρας,Απομακρυσμένα,Πάτρα,Πάτρα,201 - 500,Όχι,Bachelor's,Ναι,18900
6/1/2022 12:11:00,Mobile apps,React Native,1,Ναι,Άντρας,Απομακρυσμένα,Θεσσαλονίκη,Θεσσαλονίκη,501+,Ναι,Master,Ναι,14500
6/1/2022 12:13:44,"Backend, DevOps","JavaScript, Ruby",3,Ναι,Άντρας,Απομακρυσμένα,Αθήνα,Αθήνα,101 - 200,Όχι,Bachelor's,Ναι,30000
6/1/2022 12:31:14,Frontend,"Java, JavaScript",1,Ναι,Άντρας,Απομακρυσμένα,Αθήνα,Αθήνα,1 - 10,Όχι,Bachelor's,Ναι,11.9
6/1/2022 17:01:57,Backend,"C#, JavaScript",8,Ναι,Άντρας,Και τα δύο,Αθήνα,Αθήνα,51 - 100,Όχι,Master,Ναι,26600
6/1/2022 18:49:00,Backend,Python,3,Ναι,Άντρας,Στον χώρο του εργοδότη,Vienna,Vienna,11 - 50,Όχι,Bachelor's,Ναι,37000
6/1/2022 22:55:03,"Backend, Frontend",Java,25,Όχι,Άντρας,Και τα δύο,Αθήνα,Αθήνα,501+,Όχι,Bachelor's,Ναι,27000
6/2/2022 0:47:15,"Backend, Frontend","JavaScript, PHP",6,Ναι,Άντρας,Απομακρυσμένα,Λαμία,,501+,Όχι,Λύκειο,,34000
6/2/2022 9:14:15,Backend,"JavaScript, Typescript",1,Ναι,Άντρας,Και τα δύο,Ηράκλειο,Ηράκλειο,11 - 50,Όχι,Bachelor's,Ναι,19600
6/2/2022 10:19:42,Frontend,JavaScript,4,Όχι,Άντρας,Απομακρυσμένα,Θεσσαλονίκη,Θεσσαλονίκη,101 - 200,Όχι,Bachelor's,Ναι,1200
6/2/2022 13:40:28,"Backend, Frontend","Java, JavaScript",2,Όχι,Άντρας,Και τα δύο,Θεσσαλονίκη,Θεσσαλονίκη,501+,Ναι,Bachelor's,Ναι,14700
6/2/2022 14:29:41,"Backend, Frontend",JavaScript,5,Ναι,Άντρας,Απομακρυσμένα,Αθήνα,Αθήνα,501+,Όχι,Master,Διοίκηση επιχειρήσεων ,25000
6/2/2022 16:16:55,middleware,Java,1,Ναι,Άντρας,Και τα δύο,Αθήνα,Αθήνα,501+,Όχι,Master,Shipping Bachelor / MBA Master,14000
6/2/2022 19:10:08,Backend,Java,3,Όχι,Γυναίκα,Και τα δύο,Αθήνα,Αθήνα,501+,Όχι,Master,Ναι,29.4
6/2/2022 23:51:30,"Backend, Frontend",C#,1,Όχι,Άντρας,Στον χώρο του εργοδότη,Αθήνα,Αθήνα,11 - 50,Όχι,ΙΕΚ,Φωτογραφία ,10500
6/3/2022 20:23:33,Backend,PHP,7,Ναι,Άντρας,Απομακρυσμένα,Αθήνα,Αθήνα,101 - 200,Όχι,Λύκειο,,23968
6/4/2022 0:22:42,"Backend, Gaming","C#, Cobol, jcl, sql",4,Ναι,Άντρας,Και τα δύο,Αθήνα,Αθήνα,501+,Όχι,Master,Hmmy,15000
6/5/2022 16:56:48,Backend,Groovy,2,Όχι,Άντρας,Και τα δύο,Αθήνα,Αθήνα,11 - 50,Όχι,Bachelor's,Ναι,21000
6/6/2022 0:15:21,"Backend, Frontend","Java, JavaScript",5,Όχι,Άντρας,Απομακρυσμένα,Θεσσαλονίκη,Αθήνα,101 - 200,Ναι,Bachelor's,Ναι,23500
6/6/2022 13:48:31,"Backend, Frontend",PHP,2,Ναι,Άντρας,Απομακρυσμένα,Θεσσαλονίκη,Αθήνα,201 - 500,Όχι,Λύκειο,,15127
6/6/2022 16:13:11,Frontend,JavaScript,1,Όχι,Γυναίκα,Απομακρυσμένα,Ηράκλειο,Ηράκλειο,501+,Ναι,Bachelor's,Ναι,12600
6/6/2022 19:34:34,"Backend, Frontend","C#, JavaScript",1,Όχι,Άντρας,Στον χώρο του εργοδότη,Αθήνα,Αθήνα,51 - 100,Όχι,Bachelor's,Ναι αλλά είμαι ακόμα φοιτητής,12838
6/7/2022 16:51:08,Mobile apps,"Java, Kotlin",2,Ναι,Άντρας,Απομακρυσμένα,Αθήνα,Αθήνα,201 - 500,Όχι,Bachelor's,Ναι,12600
6/8/2022 12:32:19,"Backend, Frontend",Java,2,Όχι,Άντρας,Απομακρυσμένα,Θεσσαλονίκη,Θεσσαλονίκη,11 - 50,Όχι,Master,Ναι,14500
6/8/2022 12:35:38,Fullstack,"Java, JavaScript, Typescript",3,Ναι,Άντρας,Απομακρυσμένα,Θεσσαλονίκη,Αθήνα,501+,Ναι,Bachelor's,Ναι,19600
6/8/2022 12:49:34,DevOps,"Bash, YAML",1,Όχι,Άντρας,Και τα δύο,Αθήνα,Αθήνα,11 - 50,Ναι,Bachelor's,Ναι,14900
6/8/2022 13:09:15,Frontend,Typescript,1,Όχι,Άντρας,Και τα δύο,Αθήνα,Αθήνα,51 - 100,Όχι,Bachelor's,Ναι,12838
6/8/2022 13:32:39,"Backend, DevOps",Java,3,Όχι,Άντρας,Και τα δύο,Ηράκλειο,Ηράκλειο,11 - 50,Ναι,Bachelor's,Ναι,15400
6/8/2022 13:50:16,Backend,Ruby,6,Ναι,Άντρας,Και τα δύο,Αθήνα,Αθήνα,501+,Όχι,Bachelor's,Ναι,19460
6/8/2022 14:18:54,Frontend,JavaScript,7,Ναι,Άντρας,Και τα δύο,Πάτρα,Πάτρα,11 - 50,Ναι,Bachelor's,Ναι,25200
6/8/2022 14:31:42,"Backend, Frontend","JavaScript, PHP",1,Ναι,Άντρας,Και τα δύο,Αθήνα,Αθήνα,11 - 50,Όχι,Master,Ναι,15400
6/8/2022 14:38:39,AI / ML,Python,1,Ναι,Άντρας,Και τα δύο,Amsterdam,Amsterdam,101 - 200,Όχι,Master,Ναι,32000
6/8/2022 14:46:29,Backend,Python,2,Όχι,Άντρας,Και τα δύο,Αθήνα,Αθήνα,11 - 50,Όχι,Master,Ναυπηγός Μηχανολόγος Μηχανικός,14700
6/8/2022 15:11:04,Frontend,JavaScript,2,Όχι,Άντρας,Απομακρυσμένα,Αθήνα,Αθήνα,201 - 500,Όχι,Λύκειο,,14400
6/8/2022 16:46:50,"Backend, Frontend","JavaScript, PHP, Go",4,Ναι,Άντρας,Και τα δύο,Αθήνα,Αθήνα,11 - 50,Όχι,ΙΕΚ,Ναι,20500
6/8/2022 17:18:57,Frontend,"JavaScript, PHP, HTML, SCSS",3,Ναι,Άντρας,Απομακρυσμένα,Αθήνα,Θεσσαλονίκη,1 - 10,Όχι,Bachelor's,Ναι,11900
6/8/2022 17:27:44,"Backend, Frontend","Java, JavaScript",1,Όχι,Άντρας,Στον χώρο του εργοδότη,Θεσσαλονίκη,Θεσσαλονίκη,101 - 200,Όχι,Bachelor's,Ναι,11000
6/8/2022 18:18:09,Backend,Java,1,Όχι,Άντρας,Και τα δύο,Αθήνα,Αθήνα,201 - 500,Όχι,Bachelor's,Ναι,13.16
6/8/2022 18:25:38,BI,"Python, Bash",2,Όχι,Άντρας,Και τα δύο,Αθήνα,Αθήνα,201 - 500,Όχι,Master,Ναι,18900
6/8/2022 18:46:31,"Backend, Frontend","JavaScript, PHP",7,Ναι,Άντρας,Και τα δύο,Χανιά,Χανιά,1 - 10,Όχι,Λύκειο,,18000
6/8/2022 19:38:20,Backend,PHP,1,Ναι,Άντρας,Στον χώρο του εργοδότη,Αθήνα,Αθήνα,1 - 10,Όχι,Bachelor's,Ναι,9000
6/8/2022 21:09:18,Frontend,JavaScript,1,Όχι,Άντρας,Απομακρυσμένα,Αθήνα,Αθήνα,51 - 100,Όχι,Bachelor's,Ναι,10080
6/8/2022 21:39:25,AI / ML,Python,1,Όχι,Άντρας,Στον χώρο του εργοδότη,Θεσσαλονίκη,Θεσσαλονίκη,201 - 500,Όχι,Master,Ναι,14500
6/9/2022 0:00:30,"Backend, Frontend","JavaScript, PHP",10,Ναι,Άντρας,Στον χώρο του εργοδότη,Βόλος ,Βόλος ,1 - 10,Όχι,Bachelor's,Ναι,30000
6/9/2022 0:42:47,Frontend,"JavaScript, PHP",2,Ναι,Άντρας,Απομακρυσμένα,Πάτρα,Αθήνα,101 - 200,Όχι,Bachelor's,Ναι,14868
6/9/2022 4:25:53,"Backend, Frontend, AI / ML","Python, JavaScript, PHP",14,Όχι,Άντρας,Απομακρυσμένα,Larnaca,Limassol,11 - 50,Όχι,Bachelor's,Ναι,30000
6/9/2022 22:11:39,"Backend, Frontend","JavaScript, PHP",6,Ναι,Άντρας,Στον χώρο του εργοδότη,Αθήνα,Αθήνα,1 - 10,Όχι,ΙΕΚ,Τεχνικός Υπολογιστών,14700
6/10/2022 0:15:12,"Backend, AI / ML",Python,1,Όχι,Άντρας,Και τα δύο,Αθήνα,Αθήνα,51 - 100,Όχι,Master,Ναι,14000
6/10/2022 2:07:33,DevOps,"PHP, Bash, Ansible ",7,Ναι,Άντρας,Απομακρυσμένα,Αθήνα,Αθήνα,11 - 50,Ναι,Bachelor's,Ναι,31200
6/10/2022 9:10:26,"Backend, Frontend","JavaScript, Go",1,Όχι,Άντρας,Απομακρυσμένα,Θεσσαλονίκη,Θεσσαλονίκη,11 - 50,Όχι,Master,Ναι,12376
6/10/2022 10:15:21,Backend,TCL/SQL,1,Όχι,Άντρας,Και τα δύο,Αθήνα,Αθήνα,501+,Όχι,Master,Ναι,15400
6/10/2022 10:19:00,Cybersecurity,"Python, Bash",4,Ναι,Άντρας,Και τα δύο,Αθήνα,Αθήνα,501+,Όχι,Master,Ναι,25200
6/10/2022 11:10:07,DevOps,"Python, Bash",1,Ναι,Άντρας,Και τα δύο,Αθήνα,Αθήνα,11 - 50,Όχι,ΙΕΚ,Ναι,1800
6/10/2022 12:23:35,Backend,Java,3,Όχι,Άντρας,Απομακρυσμένα,Αθήνα,Αθήνα,51 - 100,Όχι,Λύκειο,,16500
6/10/2022 12:28:09,"Backend, Frontend","Java, JavaScript",1,Ναι,Άντρας,Και τα δύο,Αθήνα,Αθήνα,201 - 500,Όχι,Bachelor's,Ναι,15000
6/10/2022 13:00:24,"Backend, DevOps","C, Python, Go",1,Όχι,Γυναίκα,Και τα δύο,Καβάλα,Αθήνα,501+,Όχι,Λύκειο,,18285
6/10/2022 13:27:14,AI / ML,Python,1,Όχι,Άντρας,Απομακρυσμένα,Ζευγολατιό,Πάτρα,51 - 100,Όχι,Master,Ναι,11452
6/10/2022 18:29:19,ERP Consultant,C#,6,Όχι,Άντρας,Και τα δύο,Θεσσαλονίκη,Θεσσαλονίκη,501+,Όχι,Master,Ναι,19600
6/10/2022 20:37:06,Desktop apps,"C#, Python, JavaScript",1,Όχι,Άντρας,Στον χώρο του εργοδότη,Θεσσαλονίκη,Θεσσαλονίκη,101 - 200,Όχι,Bachelor's,Ναι,8554
6/11/2022 9:26:42,"Backend, Desktop apps",sql,3,Ναι,Άντρας,Και τα δύο,Αθήνα,Αθήνα,101 - 200,Ναι,Master,Ναι,14000
6/11/2022 11:31:07,"Backend, DevOps","C++, C#",5,Ναι,Άντρας,Και τα δύο,Θεσσαλονίκη,Θεσσαλονίκη,1 - 10,Όχι,Bachelor's,Ναι,21600
6/11/2022 18:38:50,RPA Developer,JavaScript,2,Όχι,Άντρας,Και τα δύο,Αθήνα,Αθήνα,101 - 200,Ναι,Bachelor's,Ναι,12.6
6/11/2022 22:04:08,Frontend,JavaScript,6,Όχι,Άντρας,Και τα δύο,Αθήνα,Αθήνα,501+,Όχι,Bachelor's,Ναι,16100
6/12/2022 3:30:56,Frontend,"Python, JavaScript",2,Ναι,Άντρας,Απομακρυσμένα,Αθήνα,Αθήνα,11 - 50,Όχι,Master,Φυσικό,17400
6/12/2022 10:12:30,Full stack,"Java, JavaScript",12,Όχι,Άντρας,Και τα δύο,Αθήνα,Αθήνα,501+,Ναι,Master,Ναι,22042
6/12/2022 12:21:16,AI / ML,Python,2,Ναι,Άντρας,Και τα δύο,Αθήνα,Αθήνα,101 - 200,Όχι,PhD,Μαθηματικά,24000
6/13/2022 10:12:55,QA Automation Engineer,Java,4,Όχι,Άντρας,Και τα δύο,Nis Serbia,Nis Serbia,11 - 50,Ναι,Bachelor's,Ναι,1100
6/13/2022 14:30:28,"Backend, Frontend","JavaScript, Kotlin, Go",7,Ναι,Άντρας,Απομακρυσμένα,Αθήνα,Αθήνα,101 - 200,Ναι,Master,Ναι,32000
6/13/2022 19:47:26,Frontend,JavaScript,1,Όχι,Άντρας,Στον χώρο του εργοδότη,Αθήνα,Αθήνα,51 - 100,Όχι,Bachelor's,Ναι,8918
6/13/2022 23:16:28,DevOps,"Python, JavaScript, PHP",15,Ναι,Άντρας,Στον χώρο του εργοδότη,Θεσσαλονίκη,Θεσσαλονίκη,101 - 200,Όχι,ΙΕΚ,Ναι,27000
6/14/2022 10:08:25,DevOps,"Python, Bash",1,Ναι,Άντρας,Απομακρυσμένα,Αθήνα,Αθήνα,201 - 500,Όχι,Λύκειο,,14280
6/14/2022 17:18:28,Backend,Java,3,Ναι,Άντρας,Και τα δύο,Θεσσαλονίκη,Θεσσαλονίκη,501+,Όχι,Bachelor's,Ναι,15000
6/15/2022 9:41:17,Backend,"Python, PHP",22,Ναι,Άντρας,Απομακρυσμένα,Αθήνα,Αθήνα,51 - 100,Όχι,Bachelor's,Ναι,36000
6/15/2022 12:16:54,"Backend, Frontend, DevOps, Cybersecurity","C, Python, JavaScript, Bash",1,Ναι,Άντρας,Στον χώρο του εργοδότη,Αθήνα,Αθήνα,51 - 100,Όχι,Bachelor's,Ναι,17425
6/15/2022 12:41:35,"Backend, Frontend","C#, JavaScript",2,Ναι,Άντρας,Απομακρυσμένα,Θεσσαλονίκη,Θεσσαλονίκη,501+,Όχι,Bachelor's,Ναι,11940
6/15/2022 12:53:08,"Backend, Frontend","C#, JavaScript",2,Όχι,Άντρας,Και τα δύο,Ιωάννινα,Ιωάννινα,51 - 100,Όχι,Master,Ναι,14500
6/15/2022 13:27:20,"Backend, Frontend","Java, JavaScript",2,Όχι,Άντρας,Και τα δύο,Αθήνα,Αθήνα,201 - 500,Όχι,Bachelor's,Φυσική,18200
6/15/2022 13:47:55,"Backend, Frontend, Desktop apps","C#, JavaScript",7,Όχι,Άντρας,Στον χώρο του εργοδότη,Αθήνα,Αθήνα,201 - 500,Όχι,Bachelor's,Ναι,28000
6/15/2022 14:16:52,Backend,"JavaScript, PHP",3,Ναι,Άντρας,Και τα δύο,Αθήνα,Αθήνα,1 - 10,Όχι,Bachelor's,Ναι,16.8
6/15/2022 14:20:24,Frontend,JavaScript,1,Ναι,Άντρας,Στον χώρο του εργοδότη,Αθήνα,Αθήνα,1 - 10,Όχι,Bachelor's,Ναι,10000
6/15/2022 14:21:50,Frontend,"JavaScript, PHP",2,Ναι,Άντρας,Στον χώρο του εργοδότη,Αθήνα,Αθήνα,1 - 10,Όχι,ΙΕΚ,Ναι,830
6/15/2022 14:22:47,Backend,"JavaScript, PHP",1,Όχι,Άντρας,Στον χώρο του εργοδότη,Αθήνα,,11 - 50,Όχι,ΙΕΚ,Ναι,11200
6/15/2022 15:00:14,"Backend, Frontend","C#, JavaScript",1,Όχι,Άντρας,Και τα δύο,Αθήνα,Αθήνα,1 - 10,Όχι,Bachelor's,Παιδαγωγικο,990
6/15/2022 15:14:52,Frontend,"JavaScript, PHP",2,Ναι,Άντρας,Στον χώρο του εργοδότη,Θεσσαλονίκη,Θεσσαλονίκη,1 - 10,Όχι,Bachelor's,Ναι,11900
6/15/2022 16:10:25,Frontend,"JavaScript, PHP",1,Όχι,Άντρας,Στον χώρο του εργοδότη,Leeds,Leeds,1 - 10,Όχι,Bachelor's,Οχι,22.21
6/15/2022 17:56:40,Mobile apps,Swift,3,Όχι,Άντρας,Και τα δύο,Αθήνα,Αθήνα,501+,Όχι,Master,Ναι,16800
6/15/2022 18:39:11,"Backend, Frontend","Java, JavaScript",2,Ναι,Άντρας,Στον χώρο του εργοδότη,Αθήνα,Αθήνα,1 - 10,Ναι,Bachelor's,Ναι,19600
6/15/2022 18:43:01,Backend,"Python, R",1,Όχι,Άντρας,Και τα δύο,Αθήνα,Αθήνα,501+,Όχι,Bachelor's,Bioinformatics ,28000
6/15/2022 20:14:50,Frontend,JavaScript,1,Όχι,Άντρας,Και τα δύο,Θεσσαλονίκη,Αθήνα,51 - 100,Όχι,Bachelor's,Ναι,11000
6/15/2022 20:36:42,Backend,Java,5,Όχι,Άντρας,Και τα δύο,Copenhagen,Copenhagen,501+,Όχι,Master,Ναι,43000
6/15/2022 22:45:37,"Desktop apps, Embedded","Java, C, Python, Objective-C",10,Όχι,Άντρας,Στον χώρο του εργοδότη,Αθήνα,,1 - 10,Ναι,Master,Ναι,1800
6/16/2022 1:50:10,"Backend, Frontend","Python, JavaScript",3,Ναι,Γυναίκα,Και τα δύο,Amsterdam,Amsterdam,1 - 10,Όχι,Λύκειο,,36000
6/16/2022 9:34:50,"Backend, Frontend","Java, JavaScript, PHP",4,Ναι,Άντρας,Απομακρυσμένα,Κοζάνη,Θεσσαλονίκη,1 - 10,Ναι,Master,Ναι,18200
6/16/2022 10:43:02,"DevOps, Desktop apps, Gaming","Java, C++, Python, JavaScript, PHP, Swift",1,Ναι,Άντρας,Και τα δύο,Θεσσαλονίκη,Αθήνα,51 - 100,Ναι,ΙΕΚ,Ναι,1000
6/16/2022 11:57:13,Backend,Java,2,Όχι,Άντρας,Απομακρυσμένα,Αθήνα,Αθήνα,51 - 100,Όχι,Bachelor's,Ναι,21840
6/16/2022 12:16:37,Embedded,"Python, Oracle OSM",13,Όχι,Άντρας,Και τα δύο,Αθήνα,Αθήνα,201 - 500,Ναι,Bachelor's,Ναι,26419
6/16/2022 18:48:13,Mobile apps,Dart,4,Ναι,Άντρας,Απομακρυσμένα,Θεσσαλονίκη,Αθήνα,1 - 10,Όχι,Bachelor's,Ναι,20150
6/16/2022 19:41:33,Frontend,"Python, JavaScript",1,Όχι,Άντρας,Απομακρυσμένα,Αθήνα,Αθήνα,51 - 100,Όχι,Λύκειο,,1200
6/16/2022 20:14:20,AI / ML,Python,3,Ναι,Άντρας,Και τα δύο,Αθήνα,Αθήνα,501+,Όχι,Master,Economics,25900
6/16/2022 21:45:04,Frontend,JavaScript,1,Ναι,Άντρας,Και τα δύο,Πάτρα,Αθήνα,501+,Όχι,Bachelor's,Ναι,13860
6/17/2022 0:00:54,"Backend, Frontend","JavaScript, PHP",1,Όχι,Άντρας,Απομακρυσμένα,Λαρισα,Θεσσαλονίκη,11 - 50,Ναι,Bachelor's,Ναι,10000
6/17/2022 1:13:25,Backend,"Java, JavaScript",2,Όχι,Άντρας,Απομακρυσμένα,Αθήνα,Αθήνα,1 - 10,Όχι,Master,ΟΧΙ,18000
6/17/2022 1:55:07,"Backend, Frontend","C#, JavaScript, Vb",22,Ναι,Άντρας,Απομακρυσμένα,Αθήνα,Αθήνα,201 - 500,Όχι,Bachelor's,Ναι,21000
6/17/2022 2:28:30,"Backend, Kubernetes Operators, GitOps","Go, Bash",8,Ναι,Άντρας,Απομακρυσμένα,0x011,Germany,501+,Όχι,Bachelor's,Μηχανικός Αυτοματισμού (ΤΕΙ),56400
6/17/2022 4:22:57,Backend,Java,4,Ναι,Άντρας,Απομακρυσμένα,Αθήνα,Αθήνα,501+,Ναι,Bachelor's,Ναι,15400
6/17/2022 6:52:32,"Backend, Frontend","C#, JavaScript",5,Ναι,Άντρας,Στον χώρο του εργοδότη,"Σωτήρα Αμμοχώστου, Κύπρο","Λαρνκα, Κύπρο",11 - 50,Όχι,Bachelor's,Ναι,1750
6/17/2022 9:30:48,Frontend,JavaScript,3,Όχι,Άντρας,Απομακρυσμένα,Αθήνα,Αθήνα,11 - 50,Όχι,Bachelor's,Ναι,26800
6/17/2022 9:45:08,"Backend, Frontend","JavaScript, PHP",1,Ναι,Άντρας,Και τα δύο,Αθήνα,Αθήνα,501+,Όχι,Bachelor's,Ναι,18200
6/17/2022 10:56:48,"Backend, Frontend",JavaScript,1,Ναι,Άντρας,Απομακρυσμένα,Κώ,Θεσσαλονίκη,1 - 10,Όχι,Bachelor's,Ναι,10800
6/17/2022 12:16:42,Backend,Java,1,Όχι,Άντρας,Απομακρυσμένα,Χανιά,Αθήνα,201 - 500,Όχι,Master,Ναι,14000
6/17/2022 14:37:05,"Backend, Frontend","C++, C#, JavaScript, React",7,Όχι,Άντρας,Και τα δύο,Αθήνα,Αθήνα,501+,Όχι,Bachelor's,Ναι,26000
6/17/2022 14:49:35,Embedded,C,1,Όχι,Άντρας,Και τα δύο,Θεσσαλονίκη,Θεσσαλονίκη,101 - 200,Όχι,Bachelor's,Ναι,900
6/17/2022 14:58:22,Desktop apps,"Java, JavaScript, Bash",2,Ναι,Άντρας,Και τα δύο,Αθήνα,Αθήνα,101 - 200,Όχι,Master,Ναι,16942
6/17/2022 18:47:53,Backend,"C#, SQL",7,Όχι,Γυναίκα,Και τα δύο,Αθήνα,Αθήνα,501+,Όχι,Master,Ναι,25600
6/17/2022 19:49:27,Embedded,"C, C++",1,Ναι,Άντρας,Στον χώρο του εργοδότη,Αθήνα,Αθήνα,1 - 10,Όχι,Master,Ναι,20000
6/17/2022 23:32:56,"Frontend, Mobile apps",JavaScript,1,Ναι,Άντρας,Απομακρυσμένα,Θεσσαλονίκη,Ιωάννινα,11 - 50,Όχι,Bachelor's,Ναι,10518
6/18/2022 3:45:23,Backend,Java,3,Όχι,Άντρας,Και τα δύο,Αθήνα,Αθήνα,11 - 50,Όχι,Bachelor's,Ναι,21000
6/18/2022 10:14:20,Backend,Ruby,4,Όχι,Άντρας,Και τα δύο,Αθήνα,Αθήνα,501+,Όχι,Master,Ναι,1450
6/18/2022 19:07:23,"Backend, Frontend","JavaScript, PHP",3,Ναι,Άντρας,Στον χώρο του εργοδότη,Θεσσαλονίκη,Θεσσαλονίκη,1 - 10,Όχι,Bachelor's,Ναι,14000
6/18/2022 22:55:32,Backend,Java,15,Όχι,Άντρας,Και τα δύο,Αθήνα,Αθήνα,51 - 100,Ναι,Bachelor's,Ναι,37200
6/19/2022 2:12:02,Backend,Java,1,Όχι,Άντρας,Στον χώρο του εργοδότη,Αθήνα,Αθήνα,11 - 50,Όχι,Χωρίς Δευτεροβάθμια Εκπαίδευση,,12948
6/19/2022 3:35:22,"Backend, Frontend, Mobile apps",C#,8,Όχι,Άντρας,Και τα δύο,Αθήνα,Αθήνα,501+,Ναι,Bachelor's,Ναι,26500
6/19/2022 18:25:53,Backend,"Python, JavaScript",2,Ναι,Άντρας,Και τα δύο,Αθήνα,Αθήνα,101 - 200,Όχι,Bachelor's,Ναι,21000
6/20/2022 9:52:02,Frontend,JavaScript,15,Ναι,Άντρας,Και τα δύο,Θεσσαλονίκη,Θεσσαλονίκη,201 - 500,Ναι,Bachelor's,Ναι,43500
6/20/2022 12:05:49,Backend,"Java, JavaScript",1,Όχι,Άντρας,Απομακρυσμένα,Αθήνα,Αθήνα,501+,Όχι,Bachelor's,Ναι,12600
6/21/2022 10:27:57,Frontend,JavaScript,3,Ναι,Άντρας,Απομακρυσμένα,Αθήνα,Αθήνα,501+,Όχι,Bachelor's,Ναι,20800
6/21/2022 16:38:05,Backend,Java,1,Όχι,Γυναίκα,Και τα δύο,Αθήνα,Αθήνα,501+,Όχι,Bachelor's,Business administration,16000
6/22/2022 10:35:26,"Backend, Frontend",C#,2,Ναι,Άντρας,Απομακρυσμένα,Θεσσαλονίκη,Θεσσαλονίκη,501+,Όχι,Bachelor's,Music Technology,11480
6/22/2022 11:20:55,"Backend, Frontend","JavaScript, PHP",5,Ναι,Άντρας,Απομακρυσμένα,Bologna,Bologna,11 - 50,Όχι,Master,Ναι,12000
6/22/2022 11:37:06,Backend,Java,1,Όχι,Άντρας,Και τα δύο,Αθήνα,Αθήνα,501+,Όχι,Bachelor's,Ναι,12329
6/22/2022 13:22:39,Backend,Java,4,Όχι,Άντρας,Και τα δύο,Αθήνα,Αθήνα,201 - 500,Ναι,Master,Ναι,21
6/22/2022 14:37:25,Backend,"Java, Python, JavaScript",1,Όχι,Γυναίκα,Απομακρυσμένα,Αθήνα,Αθήνα,11 - 50,Όχι,Master,Στατιστική και Ασφαλιστική Επιστήμη ,11200
6/22/2022 21:22:17,"Backend, Frontend",Typescript,9,Ναι,Άντρας,Και τα δύο,Αθήνα,Αθήνα,11 - 50,Ναι,Λύκειο,,30800
6/22/2022 23:40:18,"Backend, DevOps","Java, Bash",19,Ναι,Άντρας,Στον χώρο του εργοδότη,Ηράκλειο,Ηράκλειο,11 - 50,Ναι,Bachelor's,Ναι,19600
6/23/2022 2:39:21,Frontend,JavaScript,1,Ναι,Άντρας,Στον χώρο του εργοδότη,Amsterdam,,51 - 100,Όχι,Master,Ναι,2000
6/23/2022 18:02:29,"Backend, Frontend, Wordpress","JavaScript, PHP",4,Όχι,Γυναίκα,Στον χώρο του εργοδότη,Αθήνα,Αθήνα,11 - 50,Όχι,Bachelor's,Ναι,11.2
6/24/2022 21:32:19,BI,"Python, SQL",3,Όχι,Γυναίκα,Στον χώρο του εργοδότη,Αθήνα,Αθήνα,501+,Ναι,Master,οικονομικά ,19530
6/25/2022 12:26:18,Backend,C#,2,Όχι,Άντρας,Στον χώρο του εργοδότη,Αθήνα,Αθήνα,11 - 50,Όχι,Bachelor's,Ναι,18816
6/25/2022 22:22:32,Desktop apps,"Java, C, C++, PHP",16,Ναι,Άντρας,Στον χώρο του εργοδότη,Θεσσαλονίκη,,11 - 50,Ναι,Master,Ναι,16000
6/25/2022 23:32:16,"Backend, Frontend","JavaScript, PHP",12,Ναι,Άντρας,Απομακρυσμένα,Επαρχία,Freelancer - πελάτες σε όλο τον κόσμο,1 - 10,Ναι,Bachelor's,Ναι,28000
6/26/2022 12:27:33,Backend,"C, C++",1,Όχι,Άντρας,Και τα δύο,Αθήνα,Αθήνα,501+,Όχι,Bachelor's,Ναι,17500
6/26/2022 12:27:55,AI / ML,Python,1,Ναι,Γυναίκα,Απομακρυσμένα,Αθήνα,Αθήνα,11 - 50,Όχι,Bachelor's,Ναι,14000
6/26/2022 14:59:09,AI / ML,JavaScript,1,Όχι,Άντρας,Απομακρυσμένα,Αθήνα,Αθήνα,1 - 10,Όχι,Bachelor's,Ναι,10000
6/26/2022 19:02:05,AI / ML,"Python, JavaScript",1,Όχι,Γυναίκα,Απομακρυσμένα,Αθήνα,Αθήνα,1 - 10,Όχι,Bachelor's,Ναι,8400
6/26/2022 20:34:06,"Backend, Frontend","Python, JavaScript",1,Όχι,Άντρας,Απομακρυσμένα,Αθήνα,Αθήνα,1 - 10,Όχι,Bachelor's,Ναι,13200
6/27/2022 13:21:29,"Backend, Frontend","C#, JavaScript",2,Όχι,Άντρας,Στον χώρο του εργοδότη,Αθήνα,,11 - 50,Όχι,Bachelor's,Ναι,14000
6/27/2022 17:06:21,"Backend, Frontend","Java, C++, JavaScript",1,Όχι,Άντρας,Και τα δύο,Αθήνα,Αθήνα,201 - 500,Όχι,Bachelor's,Ναι,16000
6/27/2022 23:58:51,Frontend,JavaScript,3,Όχι,Άντρας,Και τα δύο,Αθήνα,Αθήνα,201 - 500,Ναι,Bachelor's,Ναι,20800
6/29/2022 12:26:50,Backend,C#,18,Όχι,Άντρας,Απομακρυσμένα,Αθήνα,Αθήνα,501+,Ναι,Master,Ναι,50000
6/29/2022 12:42:03,Full Stack,"JavaScript, PHP",3,Ναι,Άντρας,Και τα δύο,Αθήνα,Αθήνα,11 - 50,Ναι,Master,Ναι,15400
6/29/2022 13:15:39,Mobile apps,"Java, Kotlin",1,Όχι,Άντρας,Απομακρυσμένα,Θεσσαλονίκη,Αθήνα,51 - 100,Όχι,Bachelor's,Ναι,14000
6/29/2022 13:17:15,"Backend, Frontend","C#, JavaScript",9,Ναι,Άντρας,Και τα δύο,Αθήνα,Αθήνα,201 - 500,Όχι,Bachelor's,Ναι,19600
6/29/2022 14:15:11,"Backend, Frontend, Desktop apps","C#, JavaScript",7,Όχι,Άντρας,Και τα δύο,Αθήνα,Αθήνα,1 - 10,Ναι,Master,Ναι,150000
6/29/2022 14:30:25,Backend,PL/SQL,1,Όχι,Άντρας,Και τα δύο,Θεσσαλονίκη,Θεσσαλονίκη,501+,Όχι,Bachelor's,Ναι,10220
6/29/2022 16:22:35,"Backend, Frontend","C#, typescript",7,Όχι,Άντρας,Και τα δύο,Αθήνα,Αθήνα,51 - 100,Όχι,Master,Ναι,26800
6/29/2022 19:33:39,Frontend,JavaScript,3,Ναι,Άντρας,Απομακρυσμένα,Λάρισα,Αθήνα,11 - 50,Όχι,Bachelor's,Ναι,14000
6/29/2022 20:06:14,"Backend, Frontend, Mobile apps","Python, JavaScript",2,Ναι,Άντρας,Απομακρυσμένα,Αθήνα,Αθήνα,1 - 10,Όχι,Master,Ναι,16800
6/29/2022 21:26:56,"Backend, Frontend","C#, JavaScript",8,Ναι,Άντρας,Απομακρυσμένα,LAMIA,Αθήνα,51 - 100,Ναι,Λύκειο,,18500
6/29/2022 21:50:39,Desktop apps,"C#, JavaScript, vb",4,Ναι,Άντρας,Στον χώρο του εργοδότη,Αθήνα,Αθήνα,11 - 50,Όχι,Bachelor's,Ναι,15400
6/29/2022 22:43:01,"Backend, Frontend","JavaScript, PHP",5,Ναι,Άντρας,Στον χώρο του εργοδότη,Θεσσαλονίκη,Θεσσαλονίκη,11 - 50,Ναι,Master,Ναι,16000
6/30/2022 0:01:45,Desktop apps,C#,3,Όχι,Άντρας,Και τα δύο,Θεσσαλονίκη,Θεσσαλονίκη,1 - 10,Όχι,Bachelor's,Ναι,11900
6/30/2022 1:29:42,Frontend,JavaScript,1,Ναι,Άντρας,Στον χώρο του εργοδότη,Θεσσαλονίκη,Θεσσαλονίκη,11 - 50,Όχι,Bachelor's,Ναι,11200
6/30/2022 5:04:21,Frontend,JavaScript,20,Όχι,Άντρας,Και τα δύο,Αθήνα,Αθήνα,51 - 100,Ναι,Bachelor's,Ναι,32500
6/30/2022 7:30:16,BI,SQL,3,Όχι,Άντρας,Και τα δύο,Θεσσαλονίκη,Θεσσαλονίκη,501+,Όχι,Master,Ναι,16000
6/30/2022 12:26:32,Gaming,C#,3,Όχι,Άντρας,Απομακρυσμένα,Πάτρα,Πάτρα,1 - 10,Όχι,Bachelor's,Ναι,16800
6/30/2022 16:26:36,"Backend, Fullstack","JavaScript, PHP",9,Ναι,Άντρας,Και τα δύο,Θεσσαλονίκη,Θεσσαλονίκη,11 - 50,Ναι,Bachelor's,Ναι,26000
6/30/2022 22:40:17,Backend,Go,2,Όχι,Άντρας,Απομακρυσμένα,Αθήνα,Αθήνα,201 - 500,Όχι,Master,Ναι,17000
7/1/2022 2:45:20,"Backend, Frontend","Java, JavaScript",2,Όχι,Άντρας,Απομακρυσμένα,Αθήνα,Αθήνα,1 - 10,Όχι,Bachelor's,Ναι,21630
7/1/2022 7:26:50,"Frontend, Mobile apps, Gaming","Java, JavaScript, PHP, Bash, HTML, CSS",8,Ναι,Άντρας,Και τα δύο,Αθήνα,Αθήνα,11 - 50,Όχι,Bachelor's,Ναι,16259
7/1/2022 10:17:09,Backend,"JavaScript, PHP",7,Όχι,Άντρας,Απομακρυσμένα,Ρέθυμνο,Ρέθυμνο,11 - 50,Ναι,Master,Ναι,19600
7/1/2022 12:06:41,"Backend, Frontend",C#,1,Ναι,Άντρας,Απομακρυσμένα,Αθήνα,Αθήνα,11 - 50,Όχι,Bachelor's,Ναι,7500
7/1/2022 12:10:53,Backend,"VB.NET, FORTRAN90",19,Όχι,Άντρας,Και τα δύο,Αθήνα,Αθήνα,11 - 50,Ναι,Master,Civil Engineering with Computing,38000
7/1/2022 16:52:02,"Backend, Frontend, Embedded","C++, JavaScript, PHP",7,Ναι,Άντρας,Και τα δύο,Αθήνα,Αθήνα,11 - 50,Ναι,Λύκειο,,1600
7/1/2022 20:26:27,Frontend,JavaScript,2,Ναι,Άντρας,Και τα δύο,Αθήνα,Αθήνα,501+,Όχι,Bachelor's,Ναι,18000
7/1/2022 20:48:54,"Frontend, Mobile apps","JavaScript, Typescript",4,Ναι,Άντρας,Απομακρυσμένα,Berlin,Berlin,1 - 10,Όχι,Master,Ναι,76800
7/1/2022 22:02:04,AI / ML,Python,1,Ναι,Γυναίκα,Και τα δύο,Αθήνα,Αθήνα,501+,Όχι,Bachelor's,Ναι,13300
7/2/2022 8:40:20,"Backend, Frontend","C#, JavaScript",6,Όχι,Άντρας,Και τα δύο,Αθήνα,Αθήνα,1 - 10,Όχι,Master,Πολιτικός Μηχανικός,30800
7/2/2022 16:28:20,Frontend,JavaScript,1,Ναι,Άντρας,Και τα δύο,Αθήνα,Αθήνα,201 - 500,Όχι,Bachelor's,Οικονομικά,18525
7/3/2022 8:16:46,"Backend, Frontend, DevOps, Mobile apps, Desktop apps","Java, JavaScript, PHP",8,Ναι,Άντρας,Και τα δύο,Αθήνα,Αθήνα,1 - 10,Ναι,Bachelor's,Ναι,16800
7/3/2022 13:05:33,Backend,"C#, JavaScript",6,Ναι,Άντρας,Και τα δύο,Αθήνα,Αθήνα,201 - 500,Όχι,Bachelor's,Ναι,1730
7/4/2022 10:51:13,Backend,C#,6,Ναι,Άντρας,Και τα δύο,Αθήνα,Αθήνα,201 - 500,Όχι,Master,Agriculture engineering ,31000
7/4/2022 12:45:42,Frontend,JavaScript,3,Ναι,Άντρας,Και τα δύο,Αθήνα,Αθήνα,11 - 50,Όχι,Bachelor's,Ναι,17500
7/4/2022 16:11:34,Frontend,"JavaScript, PHP",10,Ναι,Άντρας,Στον χώρο του εργοδότη,Cyprus,Cyprus,51 - 100,Όχι,Bachelor's,Ναι,1000
7/4/2022 21:43:46,"Backend, Frontend","JavaScript, PHP",2,Ναι,Άντρας,Στον χώρο του εργοδότη,Αθήνα,Αθήνα,11 - 50,Όχι,Bachelor's,Ναι,9282
7/4/2022 23:43:29,Backend,Java,1,Όχι,Άντρας,Στον χώρο του εργοδότη,Αθήνα,,51 - 100,Ναι,Λύκειο,,1000
7/5/2022 10:00:11,"Backend, Frontend","Java, JavaScript",1,Όχι,Άντρας,Απομακρυσμένα,Αθήνα,Αθήνα,101 - 200,Όχι,Master,Ναι,14300
7/5/2022 12:23:48,SDET,"JavaScript, Go",6,Όχι,Άντρας,Απομακρυσμένα,Θεσσαλονίκη,San Fransisco,101 - 200,Όχι,Bachelor's,Ναι,51000
7/5/2022 18:40:55,Mobile apps,Kotlin,1,Ναι,Άντρας,Απομακρυσμένα,Αθήνα,Αθήνα,101 - 200,Όχι,Bachelor's,Ναι,18156
7/5/2022 18:47:18,"Backend, Frontend, DevOps","Java, JavaScript",1,Ναι,Άντρας,Απομακρυσμένα,Ξάνθη,Θεσσαλονίκη,501+,Όχι,Bachelor's,Ναι,13540
7/5/2022 22:11:59,Backend,Java,1,Όχι,Άντρας,Και τα δύο,Θεσσαλονίκη,Θεσσαλονίκη,501+,Όχι,Bachelor's,Ναι,9100
7/6/2022 0:58:29,"Frontend, Desktop apps",JavaScript,2,Όχι,Άντρας,Και τα δύο,Αθήνα,Αθήνα,501+,Όχι,Bachelor's,Ναι,1250
7/6/2022 11:39:27,Backend,TAFJ,4,Όχι,Άντρας,Απομακρυσμένα,Καβάλα,,501+,Όχι,Bachelor's,Ναι,21000
7/6/2022 12:49:32,Backend,C#,1,Ναι,Άντρας,Και τα δύο,Αθήνα,Αθήνα,11 - 50,Όχι,Master,Ναι,11500
7/6/2022 13:32:38,Frontend,JavaScript,2,Όχι,Άντρας,Και τα δύο,Αθήνα,Αθήνα,101 - 200,Ναι,Bachelor's,Ναι,18588
7/6/2022 20:13:08,Frontend,JavaScript,8,Ναι,Άντρας,Απομακρυσμένα,Αθήνα,Αθήνα,101 - 200,Όχι,Master,Ναι,2200
7/7/2022 0:07:50,Frontend,JavaScript,1,Όχι,Άντρας,Απομακρυσμένα,Θεσσαλονίκη,Θεσσαλονίκη,11 - 50,Όχι,Λύκειο,,10500
7/7/2022 13:16:26,"Backend, Frontend","C#, JavaScript",10,Όχι,Άντρας,Στον χώρο του εργοδότη,Αθήνα,Αθήνα,101 - 200,Όχι,Master,Ναι,18000
7/7/2022 19:03:04,Backend,Python,1,Ναι,Άντρας,Και τα δύο,Αθήνα,Αθήνα,11 - 50,Όχι,Bachelor's,Ναι,12000
7/8/2022 21:04:17,"Backend, Frontend, Mobile apps","Java, JavaScript",1,Όχι,Άντρας,Και τα δύο,Αθήνα,Αθήνα,51 - 100,Όχι,Master,Ναι,13300
7/9/2022 18:11:22,Frontend,JavaScript,5,Όχι,Άντρας,Απομακρυσμένα,Αθήνα,Αθήνα,11 - 50,Ναι,Bachelor's,Ναι,19530
7/9/2022 23:34:11,"Backend, Frontend, DevOps","C#, JavaScript, Go, Bash",12,Ναι,Άντρας,Απομακρυσμένα,Αθήνα,Αθήνα,501+,Όχι,Bachelor's,Ναι,30500
7/10/2022 18:07:03,AI / ML,Python,1,Όχι,Άντρας,Και τα δύο,Αθήνα,Αθήνα,11 - 50,Ναι,Master,Ναι,14.952
7/11/2022 12:22:41,Frontend,JavaScript,5,Ναι,Άντρας,Και τα δύο,Θεσσαλονίκη,Θεσσαλονίκη,201 - 500,Ναι,Bachelor's,Ναι,50000
7/12/2022 13:09:51,"Backend, Frontend",Java,7,Όχι,Άντρας,Απομακρυσμένα,Αθήνα,Αθήνα,101 - 200,Όχι,Bachelor's,Ναι,32900
7/12/2022 19:13:56,"Backend, Frontend, Mobile apps","C#, JavaScript",6,Ναι,Άντρας,Και τα δύο,Αθήνα,Αθήνα,101 - 200,Όχι,Master,Ναι,20000
7/13/2022 12:12:24,"Backend, Frontend","Java, JavaScript",2,Ναι,Άντρας,Και τα δύο,Αθήνα,Αθήνα,11 - 50,Όχι,Master,Ναι,17022
7/13/2022 16:12:32,"Backend, Frontend",JavaScript,9,Ναι,Άντρας,Και τα δύο,Αθήνα,Αθήνα,51 - 100,Όχι,Bachelor's,Ναι,29400
7/13/2022 23:15:03,Desktop apps,"Python, JavaScript",5,Όχι,Άντρας,Και τα δύο,Αγρίνιο,Θεσσαλονίκη,201 - 500,Όχι,Master,Μηχανολόγος Μηχανικός,23000
7/15/2022 18:17:19,"Backend, Frontend, DevOps","JavaScript, PHP, Bash",8,Ναι,Άντρας,Και τα δύο,Αθήνα,Αθήνα,51 - 100,Όχι,ΙΕΚ,Ναι,18200
7/16/2022 13:29:22,Gaming,C#,3,Ναι,Άντρας,Στον χώρο του εργοδότη,Αθήνα,Αθήνα,1 - 10,Ναι,Master,Ναι,15000
7/16/2022 13:58:43,Backend,Java,2,Όχι,Άντρας,Και τα δύο,Αθήνα,,501+,Όχι,Bachelor's,Ναι,17574
7/16/2022 20:50:30,Backend,C#,1,Ναι,Άντρας,Στον χώρο του εργοδότη,Αθήνα,,501+,Όχι,Master,Ναι,21500
7/16/2022 22:10:34,Backend,Java,1,Ναι,Άντρας,Απομακρυσμένα,Θεσσαλονίκη,Αθήνα,201 - 500,Ναι,Bachelor's,Ναι,12800
7/17/2022 22:00:51,"Backend, Gaming",Java,1,Ναι,Άντρας,Απομακρυσμένα,Πάτρα,Αθήνα,501+,Όχι,Bachelor's,Ναι,16800
7/18/2022 0:42:45,DevOps,"Python, SQL",1,Όχι,Γυναίκα,Και τα δύο,Θεσσαλονίκη,Θεσσαλονίκη,501+,Όχι,Bachelor's,Ναι,10873
7/18/2022 1:02:59,Backend,Java,5,Όχι,Άντρας,Απομακρυσμένα,Θεσσαλονίκη,Θεσσαλονίκη,11 - 50,Ναι,Λύκειο,,16800
7/18/2022 9:52:13,Mobile apps,"Swift, Kotlin",3,Όχι,Άντρας,Και τα δύο,Αθήνα,Αθήνα,201 - 500,Ναι,Master,Ναι,26803
7/18/2022 17:43:47,"Backend, Frontend",JavaScript,1,Όχι,Άντρας,Απομακρυσμένα,Αθήνα,Αθήνα,11 - 50,Όχι,Λύκειο,,11900
7/18/2022 23:35:58,Backend,"Python, React",1,Ναι,Άντρας,Και τα δύο,Πάτρα,Πάτρα,501+,Όχι,Master,Ναι,18000
7/19/2022 1:36:41,"DevOps, Cybersecurity",Bash,5,Όχι,Γυναίκα,Και τα δύο,Gothenburg,Gothenburg,501+,Όχι,Bachelor's,Ναι,40000
7/19/2022 17:28:02,Backend,Java,1,Όχι,Άντρας,Απομακρυσμένα,Αθήνα,Αθήνα,501+,Όχι,Master,Ναι,12600
7/19/2022 19:04:08,"Backend, Frontend, DevOps, Desktop apps","C#, JavaScript",5,Ναι,Άντρας,Και τα δύο,Θεσσαλονίκη,Θεσσαλονίκη,101 - 200,Ναι,Bachelor's,Ναι,18200
7/20/2022 12:12:15,"Backend, Frontend","JavaScript, PHP",2,Ναι,Άντρας,Και τα δύο,Αθήνα,Αθήνα,11 - 50,Ναι,Λύκειο,,14000
7/22/2022 9:54:09,Full stack web developer,"C#, JavaScript",1,Όχι,Άντρας,Και τα δύο,Αθήνα,Αθήνα,501+,Όχι,Bachelor's,Ναι,12320
7/22/2022 10:25:28,Embedded,C,6,Όχι,Άντρας,Και τα δύο,Edinburgh ,Edinburgh,501+,Όχι,Master,Ναι,55816
7/24/2022 12:30:12,"Backend, Frontend","JavaScript, PHP",1,Ναι,Άντρας,Και τα δύο,Θεσσαλονίκη,Θεσσαλονίκη,11 - 50,Όχι,Bachelor's,Ναι,11545
7/24/2022 20:54:07,Frontend,JavaScript,2,Ναι,Άντρας,Απομακρυσμένα,Βόλος,Αθήνα,101 - 200,Όχι,Master,Ναι,15400
7/25/2022 22:15:16,"Backend, Frontend",PHP,1,Ναι,Άντρας,Απομακρυσμένα, Ηγουμενίτσα,Αθήνα,11 - 50,Όχι,Bachelor's,Ναι,13000
7/25/2022 22:57:15,"Backend, Frontend","C#, JavaScript, TypeScript",4,Όχι,Άντρας,Και τα δύο,Αθήνα,Αθήνα,501+,Όχι,Bachelor's,Ναι,30000
7/27/2022 15:17:58,AI / ML,"Python, Bash",4,Ναι,Άντρας,Απομακρυσμένα,Αθήνα,Αθήνα,1 - 10,Όχι,Master,Ναι,19600
7/28/2022 22:44:54,Frontend,JavaScript,2,Ναι,Άντρας,Και τα δύο,Αθήνα,Αθήνα,501+,Όχι,Bachelor's,Non related,17000
7/29/2022 19:06:27,Desktop apps,C#,1,Ναι,Άντρας,Στον χώρο του εργοδότη,Αθήνα,,1 - 10,Όχι,Master,Ναι,11200
7/29/2022 22:55:38,Backend,Java,9,Όχι,Άντρας,Και τα δύο,Prague,Prague,501+,Ναι,Master,Ναι,30000
7/30/2022 11:44:23,Frontend,"JavaScript, PHP",1,Όχι,Άντρας,Στον χώρο του εργοδότη,Πάτρα,Πάτρα,11 - 50,Όχι,Bachelor's,Ναι,9600
8/1/2022 16:30:39,Frontend,"JavaScript, PHP",11,Ναι,Άντρας,Απομακρυσμένα,Αθήνα,Αθήνα,1 - 10,Όχι,Bachelor's,Ναι,18
8/2/2022 10:48:09,"Backend, Frontend","JavaScript, PHP",3,Ναι,Άντρας,Απομακρυσμένα,Θεσσαλονίκη,Θεσσαλονίκη,1 - 10,Όχι,Bachelor's,Ναι,15000
8/3/2022 23:50:39,Frontend,JavaScript,2,Όχι,Άντρας,Απομακρυσμένα,Αθήνα,Αθήνα,11 - 50,Όχι,Bachelor's,Ναι,13300
8/4/2022 15:31:33,"Backend, Frontend",Java,3,Όχι,Άντρας,Απομακρυσμένα,Ιωάννινα,Ιωάννινα,501+,Όχι,Bachelor's,Ναι,20000
8/6/2022 1:30:48,"Backend, Frontend","C#, JavaScript",3,Όχι,Άντρας,Και τα δύο,Αθήνα,Αθήνα,501+,Όχι,Bachelor's,"Business Administration, λίγα μαθήματα είχε για IT",20000
8/7/2022 15:01:31,"Backend, DevOps, BI","Java, JavaScript, Ruby",7,Όχι,Άντρας,Και τα δύο,Dublin,Luxembourg,501+,Όχι,Master,Ναι,140000
8/8/2022 14:54:21,Backend,Java,10,Ναι,Άντρας,Και τα δύο,Θεσσαλονίκη,Θεσσαλονίκη,201 - 500,Όχι,Master,Ναι,30000
8/9/2022 18:36:39,Backend,PL/SQL,1,Όχι,Άντρας,Απομακρυσμένα,Ξάνθη,Αθήνα,501+,Όχι,Master,Ναι,11454
8/10/2022 17:52:15,"Backend, Frontend",C#,2,Όχι,Άντρας,Στον χώρο του εργοδότη,Λεμεσός,Λεμεσός,201 - 500,Όχι,Bachelor's,Ναι,1350
8/12/2022 3:46:34,"Backend, Frontend","JavaScript, PHP, html, css",10,Όχι,Άντρας,Και τα δύο,Καστοριά,Καστοριά,1 - 10,Ναι,Λύκειο,,12000
8/14/2022 0:44:06,"Backend, DevOps","Java, JavaScript",1,Ναι,Άντρας,Και τα δύο,Αθήνα,Αθήνα,501+,Όχι,Bachelor's,Ναι,21250
8/20/2022 3:47:49,"Backend, Frontend, Mobile apps, Gaming","Java, C#, JavaScript, Kotlin",3,Ναι,Άντρας,Απομακρυσμένα,Αθήνα,Αθήνα,1 - 10,Όχι,Λύκειο,,1200
8/20/2022 17:31:18,Backend,Java,1,Όχι,Άντρας,Και τα δύο,Ιωάννινα,Ιωάννινα,201 - 500,Όχι,Master,Ναι,13
8/22/2022 4:02:49,"Backend, Frontend",PHP,3,Όχι,Άντρας,Και τα δύο,Θεσσαλονίκη,,1 - 10,Όχι,ΙΕΚ,Ναι,10680
8/23/2022 15:52:51,Frontend,JavaScript,14,Όχι,Άντρας,Και τα δύο,Αθήνα,Αθήνα,501+,Όχι,Master,Ναι,2087
8/24/2022 11:09:01,DevOps,"Python, JavaScript",10,Όχι,Άντρας,Απομακρυσμένα,Αθήνα,usa,1 - 10,Όχι,Master,OIKONOMIKA,95000
8/24/2022 15:35:36,"Backend, Frontend, DevOps, Desktop apps, Cybersecurity","Java, C, C++, C#, Python, JavaScript, PHP, Swift, Objective-C, Kotlin, Bash",7,Ναι,Άντρας,Και τα δύο,Tirana,Tirana,11 - 50,Όχι,Master,Ναι,3000
8/25/2022 5:06:13,"Backend, DevOps, AI / ML","Python, Perl",10,Όχι,Άντρας,Απομακρυσμένα,Αθήνα,Αθήνα,51 - 100,Ναι,Master,Ναι,68000
8/25/2022 11:13:15,"Backend, Frontend, DevOps","JavaScript, PHP",22,Ναι,Άντρας,Και τα δύο,Θεσσαλονίκη,Θεσσαλονίκη,51 - 100,Ναι,Bachelor's,BA OF FINE ARTS,65000
8/25/2022 19:04:46,Backend,"C++, Python, JavaScript",3,Όχι,Άντρας,Απομακρυσμένα,London,London,1 - 10,Ναι,Bachelor's,Ναι,22686
8/25/2022 23:20:44,"Backend, Frontend",JavaScript,1,Ναι,Άντρας,Απομακρυσμένα,Αθήνα,Αθήνα,51 - 100,Όχι,Master,Ναι,14700
8/26/2022 17:37:23,Junior IT Consultant,"Java, Python",1,Όχι,Άντρας,Και τα δύο,Θεσσαλονίκη,Θεσσαλονίκη,501+,Όχι,Master,Φυσικής,12404
8/26/2022 22:02:30,"Backend, Frontend","Java, JavaScript",2,Ναι,Άντρας,Στον χώρο του εργοδότη,Αθήνα,,501+,Όχι,Λύκειο,,13500
8/27/2022 12:45:12,"Backend, Frontend","C#, JavaScript",7,Ναι,Άντρας,Στον χώρο του εργοδότη,Αθήνα,,1 - 10,Όχι,Bachelor's,Ναι,16800
8/27/2022 17:49:33,BI,Python,4,Όχι,Άντρας,Και τα δύο,Αθήνα,Αθήνα,201 - 500,Όχι,Master,Πολιτικός Μηχανικός ,23500
8/29/2022 17:15:48,Backend,C#,1,Ναι,Άντρας,Απομακρυσμένα,Αθήνα,Θεσσαλονίκη,11 - 50,Ναι,Master,Ναι,12600
8/30/2022 11:20:48,"Backend, Frontend",JavaScript,2,Όχι,Άντρας,Απομακρυσμένα,Αθήνα,Cambridge ,1 - 10,Όχι,Bachelor's,Ναι,14294
8/30/2022 23:29:24,Backend,Python,1,Όχι,Άντρας,Και τα δύο,Αθήνα,Αθήνα,11 - 50,Όχι,ΙΕΚ,Ναι,14000
9/1/2022 15:24:16,wordpress,"JavaScript, PHP",3,Ναι,Άντρας,Και τα δύο,Σέρρες,,1 - 10,Όχι,Bachelor's,Σχεδόν σχετικό,11000
9/5/2022 22:44:17,Desktop apps,ABAP,1,Ναι,Άντρας,Και τα δύο,Θεσσαλονίκη,Θεσσαλονίκη,201 - 500,Όχι,Bachelor's,Ναι,10080
9/8/2022 15:07:09,"Backend, Frontend","C#, JavaScript",1,Όχι,Γυναίκα,Στον χώρο του εργοδότη,Αθήνα,Αθήνα,1 - 10,Όχι,Bachelor's,Ναι,10517.22
9/8/2022 21:04:01,Gaming,Java,5,Όχι,Άντρας,Απομακρυσμένα,Ηράκλειο,Ηράκλειο,101 - 200,Όχι,ΙΕΚ,Ναι,670
9/9/2022 9:50:52,"Backend, Frontend","JavaScript, PHP",1,Όχι,Άντρας,Απομακρυσμένα,Αθήνα,Αθήνα,11 - 50,Όχι,Bachelor's,Ναι,9240
9/9/2022 10:22:36,"Backend, Frontend",PHP,1,Ναι,Άντρας,Απομακρυσμένα,Αθήνα,Αθήνα,51 - 100,Όχι,ΙΕΚ,Ναι,10080
9/10/2022 18:47:10,"Backend, Frontend",JavaScript,1,Όχι,Άντρας,Στον χώρο του εργοδότη,Πάτρα,,51 - 100,Ναι,Master,Ναι,11900
9/12/2022 20:33:18,BI,"Python, sql",2,Ναι,Άντρας,Και τα δύο,Αθήνα,Αθήνα,201 - 500,Όχι,Master,Naval Architect,18600
9/13/2022 9:26:32,Mobile apps,"Java, Kotlin",5,Όχι,Άντρας,Και τα δύο,Αθήνα,Αθήνα,501+,Όχι,Master,Ναι,22000
9/15/2022 17:56:28,"Backend, Frontend","Bash, Tcl",8,Όχι,Γυναίκα,Απομακρυσμένα,Αθήνα,Αθήνα,501+,Όχι,Master,Ναι,22000
9/15/2022 22:01:26,Backend,C#,1,Όχι,Άντρας,Απομακρυσμένα,Καστοριά,Καστοριά,11 - 50,Όχι,Bachelor's,Ναι,8598
9/16/2022 23:43:14,Backend,Java,16,Όχι,Άντρας,Και τα δύο,Αθήνα,Αθήνα,501+,Όχι,Bachelor's,Ναι,26600
9/18/2022 7:32:30,Backend,C#,1,Όχι,Άντρας,Και τα δύο,Θεσσαλονίκη,Θεσσαλονίκη,501+,Ναι,Master,Ναι,14200
9/18/2022 21:50:22,Backend,Java,1,Όχι,Άντρας,Στον χώρο του εργοδότη,Ιωάννινα,,101 - 200,Όχι,Bachelor's,Ναι,16100
9/19/2022 11:59:41,DevOps,"Python, Bash",8,Ναι,Άντρας,Και τα δύο,Αθήνα,Αθήνα,501+,Όχι,Master,Ναι,27618
9/19/2022 12:46:01,DevOps,"Python, JavaScript",1,Ναι,Άντρας,Απομακρυσμένα,Αρεόπολη,Αθήνα,11 - 50,Όχι,Master,Ναι,900
9/22/2022 0:09:52,"Backend, Frontend, DevOps, AI / ML","Java, Python, JavaScript",9,Όχι,Άντρας,Και τα δύο,Copenhagen,Copenhagen,501+,Όχι,Master,Ναι,66000
9/22/2022 0:33:20,"Backend, DevOps","Python, Go",12,Ναι,Άντρας,Απομακρυσμένα,Ηράκλειο,Ηράκλειο,11 - 50,Όχι,Master,Ναι,3200
9/23/2022 9:21:41,Data Warehouseing,"Java, Python, SQL",2,Όχι,Άντρας,Απομακρυσμένα,Αθήνα,Αθήνα,501+,Ναι,Bachelor's,Ναι,16100